location_id,SERVICE_USER_COUNT,CAPACITY_TYPE,CAPACITY_ACTUAL_BED,CAPACITY_FUNDING_BED,OCCUPIED_BEDS,UNOCCUPIED_BEDS,UNAVAILABLE_BEDS,CAPACITY_ACTUAL_ROOM,CAPACITY_FUNDING_ROOM,OCCUPIED_ROOMS,UNOCCUPIED_ROOMS,UNAVAILABLE_ROOMS,OCCUPANCY_RATE_BEDS,OCCUPANCY_RATE_ROOMS
7498531,49,Room Based Capacity,,,,,,48,55,48,0,7,,100
7498532,18,Room Based Capacity,,,,,,9,15,9,0,6,,100
7498533,18,Room Based Capacity,,,,,,18,29,18,0,11,,100
7498534,8,Bed Based Capacity,8,8,8,0,0,,,,,,100,
7498535,294,Room Based Capacity,,,,,,107,113,107,0,6,,100
7498536,336,Room Based Capacity,,,,,,106,107,106,0,1,,100
7498537,13,Room Based Capacity,,,,,,13,13,13,0,0,,100
7498538,149,Room Based Capacity,,,,,,145,155,145,0,10,,100
7498539,38,Room Based Capacity,,,,,,38,40,38,0,2,,100
7498540,32,Bed Based Capacity,32,33,32,0,1,,,,,,100,
7498541,14,Bed Based Capacity,15,15,14,1,0,,,,,,93.33,
7498542,57,Room Based Capacity,,,,,,21,30,21,0,9,,100
7498543,214,Room Based Capacity,,,,,,63,65,63,0,2,,100
7498544,28,Room Based Capacity,,,,,,14,14,14,0,0,,100
7498545,74,Room Based Capacity,,,,,,75,77,74,1,2,,98.67
7498546,12,Bed Based Capacity,12,12,12,0,0,,,,,,100,
7498547,122,Room Based Capacity,,,,,,66,86,66,0,20,,100
7498548,100,Room Based Capacity,,,,,,100,100,100,0,0,,100
7498549,150,Room Based Capacity,,,,,,43,43,43,0,0,,100
7498550,2,Bed Based Capacity,2,20,2,0,18,,,,,,100,
7498551,113,Room Based Capacity,,,,,,40,63,40,0,23,,100
7498552,6,Room Based Capacity,,,,,,6,10,6,0,4,,100
7498553,45,Room Based Capacity,,,,,,20,20,20,0,0,,100
7498554,33,Bed Based Capacity,35,37,33,2,2,,,,,,94.29,
7498555,63,Room Based Capacity,,,,,,67,51,59,8,0,,88.06
7498556,23,Bed Based Capacity,24,24,23,1,0,,,,,,95.83,
7498557,83,Room Based Capacity,,,,,,32,37,32,0,5,,100
7498558,68,Room Based Capacity,,,,,,71,82,61,10,11,,85.92
7498559,13,Room Based Capacity,,,,,,26,30,13,13,4,,50
7498560,48,Room Based Capacity,,,,,,53,30,41,12,0,,77.36
7498561,43,Room Based Capacity,,,,,,22,23,22,0,1,,100
7498562,75,Bed Based Capacity,78,80,75,3,2,,,,,,96.15,
7498563,47,Bed Based Capacity,47,50,47,0,3,,,,,,100,
7498564,44,Bed Based Capacity,50,51,44,6,1,,,,,,88,
7498565,71,Bed Based Capacity,75,81,71,4,6,,,,,,94.67,
7498566,54,Bed Based Capacity,56,72,54,2,16,,,,,,96.43,
7498567,17,Bed Based Capacity,22,22,17,5,0,,,,,,77.27,
7498568,8,Bed Based Capacity,9,15,8,1,6,,,,,,88.89,
7498569,44,Bed Based Capacity,44,55,44,0,11,,,,,,100,
7498570,13,Bed Based Capacity,13,27,13,0,14,,,,,,100,
7498571,66,Room Based Capacity,,,,,,65,71,60,5,6,,92.31
7498572,4,Bed Based Capacity,4,4,4,0,0,,,,,,100,
7498573,70,Bed Based Capacity,73,74,70,3,1,,,,,,95.89,
7498574,21,Bed Based Capacity,21,21,21,0,0,,,,,,100,
7498575,1,Bed Based Capacity,2,2,1,1,0,,,,,,50,
7498576,42,Room Based Capacity,,,,,,42,42,42,0,0,,100
7498577,28,Bed Based Capacity,28,53,28,0,25,,,,,,100,
7498578,27,Bed Based Capacity,28,28,27,1,0,,,,,,96.43,
7498579,44,Bed Based Capacity,44,44,44,0,0,,,,,,100,
7498580,50,Bed Based Capacity,50,50,50,0,0,,,,,,100,
7498581,243,Room Based Capacity,,,,,,231,245,226,5,14,,97.84
7498582,41,Bed Based Capacity,41,41,41,0,0,,,,,,100,
7498583,89,Room Based Capacity,,,,,,90,92,89,1,2,,98.89
7498584,51,Room Based Capacity,,,,,,49,52,49,0,3,,100
7498585,22,Bed Based Capacity,22,22,22,0,0,,,,,,100,
7498586,42,Bed Based Capacity,50,50,42,8,0,,,,,,84,
7498587,16,Bed Based Capacity,16,16,16,0,0,,,,,,100,
7498588,37,Room Based Capacity,,,,,,37,41,37,0,4,,100
7498589,4,Bed Based Capacity,5,5,4,1,0,,,,,,80,
7498590,10,Bed Based Capacity,11,11,10,1,0,,,,,,90.91,
7498591,33,Bed Based Capacity,37,37,33,4,0,,,,,,89.19,
7498592,24,Bed Based Capacity,24,24,24,0,0,,,,,,100,
7498593,40,Bed Based Capacity,44,44,40,4,0,,,,,,90.91,
7498594,23,Bed Based Capacity,23,23,23,0,0,,,,,,100,
7498595,54,Bed Based Capacity,54,54,54,0,0,,,,,,100,
7498596,272,Room Based Capacity,,,,,,263,262,263,0,0,,100
7498597,45,Bed Based Capacity,45,45,45,0,0,,,,,,100,
7498598,2,Bed Based Capacity,5,5,2,3,0,,,,,,40,
7498599,27,Bed Based Capacity,28,28,27,1,0,,,,,,96.43,
7498600,25,Bed Based Capacity,25,25,25,0,0,,,,,,100,
7498601,25,Bed Based Capacity,25,25,25,0,0,,,,,,100,
7498602,5,Bed Based Capacity,5,5,5,0,0,,,,,,100,
7498603,45,Room Based Capacity,,,,,,45,47,45,0,2,,100
7498604,50,Bed Based Capacity,50,50,50,0,0,,,,,,100,
7498605,98,Room Based Capacity,,,,,,90,94,90,0,4,,100
7498606,48,Bed Based Capacity,48,70,48,0,22,,,,,,100,
7498607,19,Bed Based Capacity,19,19,19,0,0,,,,,,100,
7498608,30,Bed Based Capacity,30,31,30,0,1,,,,,,100,
7498609,48,Bed Based Capacity,48,55,48,0,7,,,,,,100,
7498610,253,Room Based Capacity,,,,,,225,235,225,0,10,,100
7498611,283,Room Based Capacity,,,,,,246,263,246,0,17,,100
7498612,174,Bed Based Capacity,174,174,174,0,0,,,,,,100,
7498613,37,Bed Based Capacity,37,37,37,0,0,,,,,,100,
7498614,90,Bed Based Capacity,90,100,90,0,10,,,,,,100,
7498615,35,Bed Based Capacity,35,35,35,0,0,,,,,,100,
7498616,23,Bed Based Capacity,25,51,23,2,26,,,,,,92,
7498617,1,Bed Based Capacity,1,3,1,0,2,,,,,,100,
7498618,63,Bed Based Capacity,68,83,63,5,15,,,,,,92.65,
7498619,18,Bed Based Capacity,18,18,18,0,0,,,,,,100,
7498620,27,Room Based Capacity,,,,,,28,40,27,1,12,,96.43
7498621,15,Bed Based Capacity,15,15,15,0,0,,,,,,100,
7498622,27,Bed Based Capacity,27,27,27,0,0,,,,,,100,
7498623,39,Bed Based Capacity,44,44,39,5,0,,,,,,88.64,
7498624,13,Bed Based Capacity,17,17,13,4,0,,,,,,76.47,
7498625,7,Bed Based Capacity,9,9,7,2,0,,,,,,77.78,
7498626,9,Room Based Capacity,,,,,,14,14,9,5,0,,64.29
7498627,19,Bed Based Capacity,19,19,19,0,0,,,,,,100,
7498628,15,Bed Based Capacity,15,15,15,0,0,,,,,,100,
7498629,18,Bed Based Capacity,18,20,18,0,2,,,,,,100,
7498630,22,Bed Based Capacity,22,27,22,0,5,,,,,,100,
7498631,24,Bed Based Capacity,25,30,24,1,5,,,,,,96,
7498632,14,Bed Based Capacity,14,19,14,0,5,,,,,,100,
7498633,43,Bed Based Capacity,43,43,43,0,0,,,,,,100,
7498634,30,Room Based Capacity,,,,,,30,32,30,0,2,,100
7498635,26,Bed Based Capacity,26,28,26,0,2,,,,,,100,
7498636,47,Room Based Capacity,,,,,,33,34,33,0,1,,100
7498637,219,Room Based Capacity,,,,,,63,75,62,1,12,,98.41
7498638,67,Bed Based Capacity,67,67,67,0,0,,,,,,100,
7498639,63,Room Based Capacity,,,,,,23,28,22,1,5,,95.65
7498640,48,Bed Based Capacity,48,49,48,0,1,,,,,,100,
7498641,71,Room Based Capacity,,,,,,72,73,71,1,1,,98.61
7498642,52,Bed Based Capacity,52,54,52,0,2,,,,,,100,
7498643,129,Room Based Capacity,,,,,,129,131,129,0,2,,100
7498644,227,Bed Based Capacity,234,234,227,7,0,,,,,,97.01,
7498645,36,Bed Based Capacity,36,36,36,0,0,,,,,,100,
7498646,74,Room Based Capacity,,,,,,74,77,74,0,3,,100
7498647,36,Bed Based Capacity,37,39,36,1,2,,,,,,97.3,
7498648,29,Bed Based Capacity,30,30,29,1,0,,,,,,96.67,
7498649,40,Bed Based Capacity,40,40,40,0,0,,,,,,100,
7498650,10,Room Based Capacity,,,,,,3,3,3,0,0,,100
7498651,6,Bed Based Capacity,6,6,6,0,0,,,,,,100,
7498652,13,Bed Based Capacity,13,16,13,0,3,,,,,,100,
7498653,28,Bed Based Capacity,28,37,28,0,9,,,,,,100,
7498654,3,Bed Based Capacity,3,5,3,0,2,,,,,,100,
7498655,74,Room Based Capacity,,,,,,23,27,22,1,4,,95.65
7498656,19,Bed Based Capacity,19,19,19,0,0,,,,,,100,
7498657,27,Room Based Capacity,,,,,,28,28,27,1,0,,96.43
7498658,22,Bed Based Capacity,25,25,22,3,0,,,,,,88,
7498659,24,Bed Based Capacity,25,25,24,1,0,,,,,,96,
7498660,21,Bed Based Capacity,24,24,21,3,0,,,,,,87.5,
7498661,16,Bed Based Capacity,19,19,16,3,0,,,,,,84.21,
7498662,6,Bed Based Capacity,20,20,6,14,0,,,,,,30,
7498663,23,Bed Based Capacity,23,23,23,0,0,,,,,,100,
7498664,13,Bed Based Capacity,14,14,13,1,0,,,,,,92.86,
7498665,10,Bed Based Capacity,10,10,10,0,0,,,,,,100,
7498666,29,Bed Based Capacity,29,31,29,0,2,,,,,,100,
7498667,49,Room Based Capacity,,,,,,48,55,48,0,7,,100
7498668,18,Room Based Capacity,,,,,,9,15,9,0,6,,100
7498669,17,Room Based Capacity,,,,,,17,29,17,0,12,,100
7498670,8,Bed Based Capacity,8,8,8,0,0,,,,,,100,
7498671,294,Room Based Capacity,,,,,,107,113,107,0,6,,100
7498672,336,Room Based Capacity,,,,,,106,107,106,0,1,,100
7498673,13,Room Based Capacity,,,,,,13,13,13,0,0,,100
7498674,149,Room Based Capacity,,,,,,145,155,145,0,10,,100
7498675,38,Room Based Capacity,,,,,,38,40,38,0,2,,100
7498676,32,Bed Based Capacity,32,33,32,0,1,,,,,,100,
7498677,15,Bed Based Capacity,15,15,15,0,0,,,,,,100,
7498678,57,Room Based Capacity,,,,,,21,30,21,0,9,,100
7498679,214,Room Based Capacity,,,,,,63,65,63,0,2,,100
7498680,27,Room Based Capacity,,,,,,14,14,14,0,0,,100
7498681,73,Room Based Capacity,,,,,,74,77,73,1,3,,98.65
7498682,11,Bed Based Capacity,12,12,11,1,0,,,,,,91.67,
7498683,122,Room Based Capacity,,,,,,65,86,65,0,21,,100
7498684,100,Room Based Capacity,,,,,,100,100,100,0,0,,100
7498685,150,Room Based Capacity,,,,,,43,43,43,0,0,,100
7498686,2,Bed Based Capacity,2,20,2,0,18,,,,,,100,
7498687,111,Room Based Capacity,,,,,,39,63,39,0,24,,100
7498688,6,Room Based Capacity,,,,,,6,10,6,0,4,,100
7498689,45,Room Based Capacity,,,,,,20,20,20,0,0,,100
7498690,34,Bed Based Capacity,35,37,34,1,2,,,,,,97.14,
7498691,62,Room Based Capacity,,,,,,67,51,58,9,0,,86.57
7498692,24,Bed Based Capacity,24,24,24,0,0,,,,,,100,
7498693,86,Room Based Capacity,,,,,,33,37,33,0,4,,100
7498694,68,Room Based Capacity,,,,,,71,82,61,10,11,,85.92
7498695,10,Room Based Capacity,,,,,,26,30,10,16,4,,38.46
7498696,48,Room Based Capacity,,,,,,53,30,41,12,0,,77.36
7498697,43,Room Based Capacity,,,,,,22,23,22,0,1,,100
7498698,75,Bed Based Capacity,78,80,75,3,2,,,,,,96.15,
7498699,47,Bed Based Capacity,47,50,47,0,3,,,,,,100,
7498700,44,Bed Based Capacity,50,51,44,6,1,,,,,,88,
7498701,71,Bed Based Capacity,75,81,71,4,6,,,,,,94.67,
7498702,53,Bed Based Capacity,56,72,53,3,16,,,,,,94.64,
7498703,17,Bed Based Capacity,22,22,17,5,0,,,,,,77.27,
7498704,8,Bed Based Capacity,9,15,8,1,6,,,,,,88.89,
7498705,44,Bed Based Capacity,44,55,44,0,11,,,,,,100,
7498706,13,Bed Based Capacity,13,27,13,0,14,,,,,,100,
7498707,66,Room Based Capacity,,,,,,65,71,60,5,6,,92.31
7498708,4,Bed Based Capacity,4,4,4,0,0,,,,,,100,
7498709,73,Bed Based Capacity,73,74,73,0,1,,,,,,100,
7498710,21,Bed Based Capacity,21,21,21,0,0,,,,,,100,
7498711,1,Bed Based Capacity,2,2,1,1,0,,,,,,50,
7498712,42,Room Based Capacity,,,,,,42,42,42,0,0,,100
7498713,29,Bed Based Capacity,29,53,29,0,24,,,,,,100,
7498714,27,Bed Based Capacity,28,28,27,1,0,,,,,,96.43,
7498715,44,Bed Based Capacity,44,44,44,0,0,,,,,,100,
7498716,46,Bed Based Capacity,48,50,46,2,2,,,,,,95.83,
7498717,243,Room Based Capacity,,,,,,231,245,226,5,14,,97.84
7498718,41,Bed Based Capacity,41,41,41,0,0,,,,,,100,
7498719,89,Room Based Capacity,,,,,,90,92,89,1,2,,98.89
7498720,51,Room Based Capacity,,,,,,49,52,49,0,3,,100
7498721,22,Bed Based Capacity,22,22,22,0,0,,,,,,100,
7498722,41,Bed Based Capacity,50,50,41,9,0,,,,,,82,
7498723,16,Bed Based Capacity,16,16,16,0,0,,,,,,100,
7498724,37,Room Based Capacity,,,,,,37,41,37,0,4,,100
7498725,4,Bed Based Capacity,5,5,4,1,0,,,,,,80,
7498726,10,Bed Based Capacity,11,11,10,1,0,,,,,,90.91,
7498727,33,Bed Based Capacity,37,37,33,4,0,,,,,,89.19,
7498728,24,Bed Based Capacity,24,24,24,0,0,,,,,,100,
7498729,41,Bed Based Capacity,44,44,41,3,0,,,,,,93.18,
7498730,23,Bed Based Capacity,23,23,23,0,0,,,,,,100,
7498731,54,Bed Based Capacity,54,54,54,0,0,,,,,,100,
7498732,272,Room Based Capacity,,,,,,263,262,263,0,0,,100
7498733,45,Bed Based Capacity,45,45,45,0,0,,,,,,100,
7498734,2,Bed Based Capacity,5,5,2,3,0,,,,,,40,
7498735,27,Bed Based Capacity,28,28,27,1,0,,,,,,96.43,
7498736,25,Bed Based Capacity,25,25,25,0,0,,,,,,100,
7498737,25,Bed Based Capacity,25,25,25,0,0,,,,,,100,
7498738,5,Bed Based Capacity,5,5,5,0,0,,,,,,100,
7498739,45,Room Based Capacity,,,,,,45,47,45,0,2,,100
7498740,50,Bed Based Capacity,50,50,50,0,0,,,,,,100,
7498741,98,Room Based Capacity,,,,,,90,94,90,0,4,,100
7498742,48,Bed Based Capacity,48,70,48,0,22,,,,,,100,
7498743,18,Bed Based Capacity,19,19,18,1,0,,,,,,94.74,
7498744,30,Bed Based Capacity,30,31,30,0,1,,,,,,100,
7498745,49,Bed Based Capacity,49,55,49,0,6,,,,,,100,
7498746,254,Room Based Capacity,,,,,,225,235,225,0,10,,100
7498747,284,Room Based Capacity,,,,,,247,263,247,0,16,,100
7498748,174,Bed Based Capacity,174,174,174,0,0,,,,,,100,
7498749,37,Bed Based Capacity,37,37,37,0,0,,,,,,100,
7498750,90,Bed Based Capacity,90,100,90,0,10,,,,,,100,
7498751,35,Bed Based Capacity,35,35,35,0,0,,,,,,100,
7498752,29,Bed Based Capacity,29,51,29,0,22,,,,,,100,
7498753,1,Bed Based Capacity,1,3,1,0,2,,,,,,100,
7498754,63,Bed Based Capacity,68,83,63,5,15,,,,,,92.65,
7498755,18,Bed Based Capacity,18,18,18,0,0,,,,,,100,
7498756,28,Room Based Capacity,,,,,,28,40,28,0,12,,100
7498757,15,Bed Based Capacity,15,15,15,0,0,,,,,,100,
7498758,27,Bed Based Capacity,27,27,27,0,0,,,,,,100,
7498759,39,Bed Based Capacity,44,44,39,5,0,,,,,,88.64,
7498760,13,Bed Based Capacity,17,17,13,4,0,,,,,,76.47,
7498761,7,Bed Based Capacity,9,9,7,2,0,,,,,,77.78,
7498762,9,Room Based Capacity,,,,,,14,14,9,5,0,,64.29
7498763,19,Bed Based Capacity,19,19,19,0,0,,,,,,100,
7498764,15,Bed Based Capacity,15,15,15,0,0,,,,,,100,
7498765,18,Bed Based Capacity,18,20,18,0,2,,,,,,100,
7498766,22,Bed Based Capacity,22,27,22,0,5,,,,,,100,
7498767,24,Bed Based Capacity,25,30,24,1,5,,,,,,96,
7498768,13,Bed Based Capacity,13,19,13,0,6,,,,,,100,
7498769,43,Bed Based Capacity,43,43,43,0,0,,,,,,100,
7498770,30,Room Based Capacity,,,,,,30,32,30,0,2,,100
7498771,27,Bed Based Capacity,27,28,27,0,1,,,,,,100,
7498772,47,Room Based Capacity,,,,,,33,34,33,0,1,,100
7498773,219,Room Based Capacity,,,,,,63,75,62,1,12,,98.41
7498774,67,Bed Based Capacity,67,67,67,0,0,,,,,,100,
7498775,63,Room Based Capacity,,,,,,23,28,22,1,5,,95.65
7498776,48,Bed Based Capacity,48,49,48,0,1,,,,,,100,
7498777,71,Room Based Capacity,,,,,,72,73,71,1,1,,98.61
7498778,52,Bed Based Capacity,52,54,52,0,2,,,,,,100,
7498779,129,Room Based Capacity,,,,,,129,131,129,0,2,,100
7498780,222,Bed Based Capacity,234,234,222,12,0,,,,,,94.87,
7498781,36,Bed Based Capacity,36,36,36,0,0,,,,,,100,
7498782,74,Room Based Capacity,,,,,,74,77,74,0,3,,100
7498783,35,Bed Based Capacity,37,39,35,2,2,,,,,,94.59,
7498784,28,Bed Based Capacity,30,30,28,2,0,,,,,,93.33,
7498785,39,Bed Based Capacity,40,40,39,1,0,,,,,,97.5,
7498786,10,Room Based Capacity,,,,,,3,3,3,0,0,,100
7498787,6,Bed Based Capacity,6,6,6,0,0,,,,,,100,
7498788,13,Bed Based Capacity,13,16,13,0,3,,,,,,100,
7498789,28,Bed Based Capacity,28,37,28,0,9,,,,,,100,
7498790,3,Bed Based Capacity,3,5,3,0,2,,,,,,100,
7498791,74,Room Based Capacity,,,,,,23,27,22,1,4,,95.65
7498792,19,Bed Based Capacity,19,19,19,0,0,,,,,,100,
7498793,27,Room Based Capacity,,,,,,28,28,27,1,0,,96.43
7498794,22,Bed Based Capacity,25,25,22,3,0,,,,,,88,
7498795,24,Bed Based Capacity,25,25,24,1,0,,,,,,96,
7498796,21,Bed Based Capacity,24,24,21,3,0,,,,,,87.5,
7498797,18,Bed Based Capacity,19,19,18,1,0,,,,,,94.74,
7498798,7,Bed Based Capacity,20,20,7,13,0,,,,,,35,
7498799,23,Bed Based Capacity,23,23,23,0,0,,,,,,100,
7498800,13,Bed Based Capacity,14,14,13,1,0,,,,,,92.86,
7498801,10,Bed Based Capacity,10,10,10,0,0,,,,,,100,
7498802,29,Bed Based Capacity,29,31,29,0,2,,,,,,100,
7498803,49,Room Based Capacity,,,,,,48,55,48,0,7,,100
7498804,18,Room Based Capacity,,,,,,9,15,9,0,6,,100
7498805,17,Room Based Capacity,,,,,,17,29,17,0,12,,100
7498806,8,Bed Based Capacity,8,8,8,0,0,,,,,,100,
7498807,290,Room Based Capacity,,,,,,107,113,105,2,6,,98.13
7498808,336,Room Based Capacity,,,,,,106,107,106,0,1,,100
7498809,13,Room Based Capacity,,,,,,13,13,13,0,0,,100
7498810,147,Room Based Capacity,,,,,,143,155,143,0,12,,100
7498811,38,Room Based Capacity,,,,,,38,40,38,0,2,,100
7498812,32,Bed Based Capacity,32,33,32,0,1,,,,,,100,
7498813,15,Bed Based Capacity,15,15,15,0,0,,,,,,100,
7498814,57,Room Based Capacity,,,,,,21,30,21,0,9,,100
7498815,214,Room Based Capacity,,,,,,63,65,63,0,2,,100
7498816,25,Room Based Capacity,,,,,,14,14,13,1,0,,92.86
7498817,73,Room Based Capacity,,,,,,74,77,73,1,3,,98.65
7498818,10,Bed Based Capacity,12,12,10,2,0,,,,,,83.33,
7498819,123,Room Based Capacity,,,,,,66,86,66,0,20,,100
7498820,100,Room Based Capacity,,,,,,100,100,100,0,0,,100
7498821,154,Room Based Capacity,,,,,,43,43,43,0,0,,100
7498822,2,Bed Based Capacity,2,20,2,0,18,,,,,,100,
7498823,111,Room Based Capacity,,,,,,39,63,39,0,24,,100
7498824,6,Room Based Capacity,,,,,,6,10,6,0,4,,100
7498825,45,Room Based Capacity,,,,,,20,20,20,0,0,,100
7498826,34,Bed Based Capacity,35,37,34,1,2,,,,,,97.14,
7498827,62,Room Based Capacity,,,,,,67,51,58,9,0,,86.57
7498828,24,Bed Based Capacity,24,24,24,0,0,,,,,,100,
7498829,87,Room Based Capacity,,,,,,33,37,33,0,4,,100
7498830,68,Room Based Capacity,,,,,,71,82,61,10,11,,85.92
7498831,8,Room Based Capacity,,,,,,26,30,8,18,4,,30.77
7498832,56,Room Based Capacity,,,,,,54,30,49,5,0,,90.74
7498833,42,Room Based Capacity,,,,,,22,23,22,0,1,,100
7498834,75,Bed Based Capacity,78,80,75,3,2,,,,,,96.15,
7498835,45,Bed Based Capacity,45,50,45,0,5,,,,,,100,
7498836,43,Bed Based Capacity,50,51,43,7,1,,,,,,86,
7498837,71,Bed Based Capacity,75,81,71,4,6,,,,,,94.67,
7498838,55,Bed Based Capacity,56,72,55,1,16,,,,,,98.21,
7498839,17,Bed Based Capacity,22,22,17,5,0,,,,,,77.27,
7498840,8,Bed Based Capacity,9,15,8,1,6,,,,,,88.89,
7498841,44,Bed Based Capacity,44,55,44,0,11,,,,,,100,
7498842,10,Bed Based Capacity,15,15,10,5,0,,,,,,66.67,
7498843,13,Bed Based Capacity,13,27,13,0,14,,,,,,100,
7498844,66,Room Based Capacity,,,,,,65,71,60,5,6,,92.31
7498845,4,Bed Based Capacity,4,4,4,0,0,,,,,,100,
7498846,73,Bed Based Capacity,73,74,73,0,1,,,,,,100,
7498847,21,Bed Based Capacity,21,21,21,0,0,,,,,,100,
7498848,1,Bed Based Capacity,2,2,1,1,0,,,,,,50,
7498849,42,Room Based Capacity,,,,,,42,42,42,0,0,,100
7498850,32,Bed Based Capacity,32,53,32,0,21,,,,,,100,
7498851,27,Bed Based Capacity,28,28,27,1,0,,,,,,96.43,
7498852,44,Bed Based Capacity,44,44,44,0,0,,,,,,100,
7498853,48,Bed Based Capacity,48,50,48,0,2,,,,,,100,
7498854,243,Room Based Capacity,,,,,,231,245,226,5,14,,97.84
7498855,41,Bed Based Capacity,41,41,41,0,0,,,,,,100,
7498856,89,Room Based Capacity,,,,,,90,92,89,1,2,,98.89
7498857,51,Room Based Capacity,,,,,,49,52,49,0,3,,100
7498858,22,Bed Based Capacity,22,22,22,0,0,,,,,,100,
7498859,41,Bed Based Capacity,50,50,41,9,0,,,,,,82,
7498860,16,Bed Based Capacity,16,16,16,0,0,,,,,,100,
7498861,36,Room Based Capacity,,,,,,37,41,36,1,4,,97.3
7498862,4,Bed Based Capacity,5,5,4,1,0,,,,,,80,
7498863,10,Bed Based Capacity,11,11,10,1,0,,,,,,90.91,
7498864,34,Bed Based Capacity,37,37,34,3,0,,,,,,91.89,
7498865,24,Bed Based Capacity,24,24,24,0,0,,,,,,100,
7498866,44,Bed Based Capacity,44,44,44,0,0,,,,,,100,
7498867,23,Bed Based Capacity,23,23,23,0,0,,,,,,100,
7498868,54,Bed Based Capacity,54,54,54,0,0,,,,,,100,
7498869,271,Room Based Capacity,,,,,,262,262,262,0,0,,100
7498870,45,Bed Based Capacity,45,45,45,0,0,,,,,,100,
7498871,2,Bed Based Capacity,5,5,2,3,0,,,,,,40,
7498872,27,Bed Based Capacity,28,28,27,1,0,,,,,,96.43,
7498873,25,Bed Based Capacity,25,25,25,0,0,,,,,,100,
7498874,25,Bed Based Capacity,25,25,25,0,0,,,,,,100,
7498875,5,Bed Based Capacity,5,5,5,0,0,,,,,,100,
7498876,46,Room Based Capacity,,,,,,46,47,46,0,1,,100
7498877,50,Bed Based Capacity,50,50,50,0,0,,,,,,100,
7498878,98,Room Based Capacity,,,,,,90,94,90,0,4,,100
7498879,53,Bed Based Capacity,60,70,53,7,10,,,,,,88.33,
7498880,19,Bed Based Capacity,19,19,19,0,0,,,,,,100,
7498881,30,Bed Based Capacity,30,31,30,0,1,,,,,,100,
7498882,50,Bed Based Capacity,50,55,50,0,5,,,,,,100,
7498883,256,Room Based Capacity,,,,,,226,235,226,0,9,,100
7498884,284,Room Based Capacity,,,,,,247,263,247,0,16,,100
7498885,26,Bed Based Capacity,50,50,26,24,0,,,,,,52,
7498886,28,Bed Based Capacity,30,66,28,2,36,,,,,,93.33,
7498887,173,Bed Based Capacity,174,174,173,1,0,,,,,,99.43,
7498888,37,Bed Based Capacity,37,37,37,0,0,,,,,,100,
7498889,90,Bed Based Capacity,90,100,90,0,10,,,,,,100,
7498890,34,Bed Based Capacity,34,35,34,0,1,,,,,,100,
7498891,29,Bed Based Capacity,29,51,29,0,22,,,,,,100,
7498892,1,Bed Based Capacity,1,3,1,0,2,,,,,,100,
7498893,63,Bed Based Capacity,68,83,63,5,15,,,,,,92.65,
7498894,18,Bed Based Capacity,18,18,18,0,0,,,,,,100,
7498895,28,Room Based Capacity,,,,,,29,40,28,1,11,,96.55
7498896,15,Bed Based Capacity,15,15,15,0,0,,,,,,100,
7498897,27,Bed Based Capacity,27,27,27,0,0,,,,,,100,
7498898,35,Bed Based Capacity,44,44,35,9,0,,,,,,79.55,
7498899,13,Bed Based Capacity,17,17,13,4,0,,,,,,76.47,
7498900,7,Bed Based Capacity,9,9,7,2,0,,,,,,77.78,
7498901,9,Room Based Capacity,,,,,,14,14,9,5,0,,64.29
7498902,18,Bed Based Capacity,19,19,18,1,0,,,,,,94.74,
7498903,15,Bed Based Capacity,15,15,15,0,0,,,,,,100,
7498904,18,Bed Based Capacity,18,20,18,0,2,,,,,,100,
7498905,22,Bed Based Capacity,22,27,22,0,5,,,,,,100,
7498906,24,Bed Based Capacity,25,30,24,1,5,,,,,,96,
7498907,12,Bed Based Capacity,13,19,12,1,6,,,,,,92.31,
7498908,43,Bed Based Capacity,43,43,43,0,0,,,,,,100,
7498909,30,Room Based Capacity,,,,,,30,32,30,0,2,,100
7498910,27,Bed Based Capacity,27,28,27,0,1,,,,,,100,
7498911,47,Room Based Capacity,,,,,,33,34,33,0,1,,100
7498912,219,Room Based Capacity,,,,,,63,75,62,1,12,,98.41
7498913,67,Bed Based Capacity,67,67,67,0,0,,,,,,100,
7498914,63,Room Based Capacity,,,,,,23,28,22,1,5,,95.65
7498915,48,Bed Based Capacity,48,49,48,0,1,,,,,,100,
7498916,71,Room Based Capacity,,,,,,73,73,71,2,0,,97.26
7498917,52,Bed Based Capacity,52,54,52,0,2,,,,,,100,
7498918,128,Room Based Capacity,,,,,,128,131,128,0,3,,100
7498919,220,Bed Based Capacity,234,234,220,14,0,,,,,,94.02,
7498920,36,Bed Based Capacity,36,36,36,0,0,,,,,,100,
7498921,74,Room Based Capacity,,,,,,74,77,74,0,3,,100
7498922,35,Bed Based Capacity,37,39,35,2,2,,,,,,94.59,
7498923,28,Bed Based Capacity,30,30,28,2,0,,,,,,93.33,
7498924,40,Bed Based Capacity,40,40,40,0,0,,,,,,100,
7498925,10,Room Based Capacity,,,,,,3,3,3,0,0,,100
7498926,6,Bed Based Capacity,6,6,6,0,0,,,,,,100,
7498927,13,Bed Based Capacity,13,16,13,0,3,,,,,,100,
7498928,25,Bed Based Capacity,28,37,25,3,9,,,,,,89.29,
7498929,3,Bed Based Capacity,3,5,3,0,2,,,,,,100,
7498930,74,Room Based Capacity,,,,,,23,27,22,1,4,,95.65
7498931,19,Bed Based Capacity,19,19,19,0,0,,,,,,100,
7498932,27,Room Based Capacity,,,,,,28,28,27,1,0,,96.43
7498933,22,Bed Based Capacity,25,25,22,3,0,,,,,,88,
7498934,24,Bed Based Capacity,25,25,24,1,0,,,,,,96,
7498935,21,Bed Based Capacity,24,24,21,3,0,,,,,,87.5,
7498936,18,Bed Based Capacity,19,19,18,1,0,,,,,,94.74,
7498937,7,Bed Based Capacity,20,20,7,13,0,,,,,,35,
7498938,23,Bed Based Capacity,23,23,23,0,0,,,,,,100,
7498939,13,Bed Based Capacity,14,14,13,1,0,,,,,,92.86,
7498940,10,Bed Based Capacity,10,10,10,0,0,,,,,,100,
7498941,29,Bed Based Capacity,29,31,29,0,2,,,,,,100,
7498942,49,Room Based Capacity,,,,,,48,55,48,0,7,,100
7498943,18,Room Based Capacity,,,,,,10,15,9,1,5,,90
7498944,16,Room Based Capacity,,,,,,17,29,16,1,12,,94.12
7498945,8,Bed Based Capacity,8,8,8,0,0,,,,,,100,
7498946,288,Room Based Capacity,,,,,,105,113,104,1,8,,99.05
7498947,336,Room Based Capacity,,,,,,106,107,106,0,1,,100
7498948,13,Room Based Capacity,,,,,,13,13,13,0,0,,100
7498949,147,Room Based Capacity,,,,,,143,155,143,0,12,,100
7498950,39,Room Based Capacity,,,,,,39,40,39,0,1,,100
7498951,32,Bed Based Capacity,32,33,32,0,1,,,,,,100,
7498952,15,Bed Based Capacity,15,15,15,0,0,,,,,,100,
7498953,57,Room Based Capacity,,,,,,21,30,21,0,9,,100
7498954,214,Room Based Capacity,,,,,,63,65,63,0,2,,100
7498955,24,Room Based Capacity,,,,,,12,14,12,0,2,,100
7498956,75,Room Based Capacity,,,,,,75,77,75,0,2,,100
7498957,10,Bed Based Capacity,12,12,10,2,0,,,,,,83.33,
7498958,123,Room Based Capacity,,,,,,66,86,66,0,20,,100
7498959,100,Room Based Capacity,,,,,,100,100,100,0,0,,100
7498960,153,Room Based Capacity,,,,,,42,43,42,0,1,,100
7498961,2,Bed Based Capacity,2,20,2,0,18,,,,,,100,
7498962,111,Room Based Capacity,,,,,,39,63,39,0,24,,100
7498963,5,Room Based Capacity,,,,,,5,10,5,0,5,,100
7498964,45,Room Based Capacity,,,,,,20,20,20,0,0,,100
7498965,33,Bed Based Capacity,35,37,33,2,2,,,,,,94.29,
7498966,63,Room Based Capacity,,,,,,67,51,59,8,0,,88.06
7498967,24,Bed Based Capacity,24,24,24,0,0,,,,,,100,
7498968,87,Room Based Capacity,,,,,,33,37,33,0,4,,100
7498969,67,Room Based Capacity,,,,,,71,82,60,11,11,,84.51
7498970,10,Room Based Capacity,,,,,,27,30,10,17,3,,37.04
7498971,53,Room Based Capacity,,,,,,54,30,47,7,0,,87.04
7498972,43,Room Based Capacity,,,,,,22,23,22,0,1,,100
7498973,76,Bed Based Capacity,79,80,76,3,1,,,,,,96.2,
7498974,45,Bed Based Capacity,45,50,45,0,5,,,,,,100,
7498975,43,Bed Based Capacity,50,51,43,7,1,,,,,,86,
7498976,70,Bed Based Capacity,75,81,70,5,6,,,,,,93.33,
7498977,54,Bed Based Capacity,56,72,54,2,16,,,,,,96.43,
7498978,17,Bed Based Capacity,22,22,17,5,0,,,,,,77.27,
7498979,8,Bed Based Capacity,9,15,8,1,6,,,,,,88.89,
7498980,44,Bed Based Capacity,44,55,44,0,11,,,,,,100,
7498981,10,Bed Based Capacity,10,15,10,0,5,,,,,,100,
7498982,13,Bed Based Capacity,13,27,13,0,14,,,,,,100,
7498983,65,Room Based Capacity,,,,,,65,71,59,6,6,,90.77
7498984,4,Bed Based Capacity,4,4,4,0,0,,,,,,100,
7498985,73,Bed Based Capacity,73,74,73,0,1,,,,,,100,
7498986,21,Bed Based Capacity,21,21,21,0,0,,,,,,100,
7498987,1,Bed Based Capacity,2,2,1,1,0,,,,,,50,
7498988,42,Room Based Capacity,,,,,,42,42,42,0,0,,100
7498989,31,Bed Based Capacity,32,53,31,1,21,,,,,,96.88,
7498990,27,Bed Based Capacity,28,28,27,1,0,,,,,,96.43,
7498991,44,Bed Based Capacity,44,44,44,0,0,,,,,,100,
7498992,48,Bed Based Capacity,48,50,48,0,2,,,,,,100,
7498993,241,Room Based Capacity,,,,,,231,245,224,7,14,,96.97
7498994,41,Bed Based Capacity,41,41,41,0,0,,,,,,100,
7498995,89,Room Based Capacity,,,,,,90,92,89,1,2,,98.89
7498996,51,Room Based Capacity,,,,,,49,52,49,0,3,,100
7498997,22,Bed Based Capacity,22,22,22,0,0,,,,,,100,
7498998,40,Bed Based Capacity,50,50,40,10,0,,,,,,80,
7498999,16,Bed Based Capacity,16,16,16,0,0,,,,,,100,
7499000,39,Room Based Capacity,,,,,,40,41,39,1,1,,97.5
7499001,4,Bed Based Capacity,5,5,4,1,0,,,,,,80,
7499002,10,Bed Based Capacity,11,11,10,1,0,,,,,,90.91,
7499003,34,Bed Based Capacity,37,37,34,3,0,,,,,,91.89,
7499004,24,Bed Based Capacity,24,24,24,0,0,,,,,,100,
7499005,43,Bed Based Capacity,44,44,43,1,0,,,,,,97.73,
7499006,23,Bed Based Capacity,23,23,23,0,0,,,,,,100,
7499007,53,Bed Based Capacity,54,54,53,1,0,,,,,,98.15,
7499008,272,Room Based Capacity,,,,,,263,262,263,0,0,,100
7499009,45,Bed Based Capacity,45,45,45,0,0,,,,,,100,
7499010,2,Bed Based Capacity,5,5,2,3,0,,,,,,40,
7499011,27,Bed Based Capacity,28,28,27,1,0,,,,,,96.43,
7499012,24,Bed Based Capacity,25,25,24,1,0,,,,,,96,
7499013,25,Bed Based Capacity,25,25,25,0,0,,,,,,100,
7499014,5,Bed Based Capacity,5,5,5,0,0,,,,,,100,
7499015,46,Room Based Capacity,,,,,,46,47,46,0,1,,100
7499016,50,Bed Based Capacity,50,50,50,0,0,,,,,,100,
7499017,99,Room Based Capacity,,,,,,90,94,90,0,4,,100
7499018,55,Bed Based Capacity,60,70,55,5,10,,,,,,91.67,
7499019,19,Bed Based Capacity,19,19,19,0,0,,,,,,100,
7499020,30,Bed Based Capacity,30,31,30,0,1,,,,,,100,
7499021,54,Bed Based Capacity,54,55,54,0,1,,,,,,100,
7499022,258,Room Based Capacity,,,,,,228,235,228,0,7,,100
7499023,284,Room Based Capacity,,,,,,248,263,247,1,15,,99.6
7499024,2,Bed Based Capacity,3,66,2,1,63,,,,,,66.67,
7499025,174,Bed Based Capacity,174,174,174,0,0,,,,,,100,
7499026,37,Bed Based Capacity,37,37,37,0,0,,,,,,100,
7499027,90,Bed Based Capacity,90,100,90,0,10,,,,,,100,
7499028,34,Bed Based Capacity,34,35,34,0,1,,,,,,100,
7499029,30,Bed Based Capacity,30,51,30,0,21,,,,,,100,
7499030,1,Bed Based Capacity,1,3,1,0,2,,,,,,100,
7499031,63,Bed Based Capacity,68,83,63,5,15,,,,,,92.65,
7499032,18,Bed Based Capacity,18,18,18,0,0,,,,,,100,
7499033,31,Room Based Capacity,,,,,,31,40,31,0,9,,100
7499034,15,Bed Based Capacity,15,15,15,0,0,,,,,,100,
7499035,27,Bed Based Capacity,27,27,27,0,0,,,,,,100,
7499036,34,Bed Based Capacity,44,44,34,10,0,,,,,,77.27,
7499037,13,Bed Based Capacity,17,17,13,4,0,,,,,,76.47,
7499038,7,Bed Based Capacity,9,9,7,2,0,,,,,,77.78,
7499039,9,Room Based Capacity,,,,,,14,14,9,5,0,,64.29
7499040,18,Bed Based Capacity,19,19,18,1,0,,,,,,94.74,
7499041,15,Bed Based Capacity,15,15,15,0,0,,,,,,100,
7499042,20,Bed Based Capacity,20,20,20,0,0,,,,,,100,
7499043,22,Bed Based Capacity,22,27,22,0,5,,,,,,100,
7499044,24,Bed Based Capacity,25,30,24,1,5,,,,,,96,
7499045,13,Bed Based Capacity,13,19,13,0,6,,,,,,100,
7499046,43,Bed Based Capacity,43,43,43,0,0,,,,,,100,
7499047,30,Room Based Capacity,,,,,,30,32,30,0,2,,100
7499048,27,Bed Based Capacity,27,28,27,0,1,,,,,,100,
7499049,47,Room Based Capacity,,,,,,33,34,33,0,1,,100
7499050,216,Room Based Capacity,,,,,,63,75,61,2,12,,96.83
7499051,67,Bed Based Capacity,67,67,67,0,0,,,,,,100,
7499052,63,Room Based Capacity,,,,,,23,28,22,1,5,,95.65
7499053,48,Bed Based Capacity,48,49,48,0,1,,,,,,100,
7499054,71,Room Based Capacity,,,,,,73,73,71,2,0,,97.26
7499055,51,Bed Based Capacity,51,54,51,0,3,,,,,,100,
7499056,125,Room Based Capacity,,,,,,125,131,125,0,6,,100
7499057,219,Bed Based Capacity,234,234,219,15,0,,,,,,93.59,
7499058,36,Bed Based Capacity,36,36,36,0,0,,,,,,100,
7499059,73,Room Based Capacity,,,,,,73,77,73,0,4,,100
7499060,35,Bed Based Capacity,37,39,35,2,2,,,,,,94.59,
7499061,28,Bed Based Capacity,30,30,28,2,0,,,,,,93.33,
7499062,40,Bed Based Capacity,40,40,40,0,0,,,,,,100,
7499063,10,Room Based Capacity,,,,,,3,3,3,0,0,,100
7499064,6,Bed Based Capacity,6,6,6,0,0,,,,,,100,
7499065,13,Bed Based Capacity,13,16,13,0,3,,,,,,100,
7499066,24,Bed Based Capacity,28,37,24,4,9,,,,,,85.71,
7499067,3,Bed Based Capacity,3,5,3,0,2,,,,,,100,
7499068,69,Room Based Capacity,,,,,,23,27,21,2,4,,91.3
7499069,19,Bed Based Capacity,19,19,19,0,0,,,,,,100,
7499070,26,Room Based Capacity,,,,,,28,28,26,2,0,,92.86
7499071,22,Bed Based Capacity,25,25,22,3,0,,,,,,88,
7499072,25,Bed Based Capacity,25,25,25,0,0,,,,,,100,
7499073,21,Bed Based Capacity,24,24,21,3,0,,,,,,87.5,
7499074,18,Bed Based Capacity,19,19,18,1,0,,,,,,94.74,
7499075,6,Bed Based Capacity,20,20,6,14,0,,,,,,30,
7499076,23,Bed Based Capacity,23,23,23,0,0,,,,,,100,
7499077,13,Bed Based Capacity,14,14,13,1,0,,,,,,92.86,
7499078,10,Bed Based Capacity,10,10,10,0,0,,,,,,100,
7499079,29,Bed Based Capacity,29,31,29,0,2,,,,,,100,
7499080,50,Room Based Capacity,,,,,,49,55,49,0,6,,100
7499081,20,Room Based Capacity,,,,,,10,15,10,0,5,,100
7499082,16,Room Based Capacity,,,,,,17,29,16,1,12,,94.12
7499083,8,Bed Based Capacity,8,8,8,0,0,,,,,,100,
7499084,270,Room Based Capacity,,,,,,97,113,97,0,16,,100
7499085,332,Room Based Capacity,,,,,,105,107,105,0,2,,100
7499086,13,Room Based Capacity,,,,,,13,13,13,0,0,,100
7499087,147,Room Based Capacity,,,,,,143,155,143,0,12,,100
7499088,39,Room Based Capacity,,,,,,39,40,39,0,1,,100
7499089,33,Bed Based Capacity,33,33,33,0,0,,,,,,100,
7499090,15,Bed Based Capacity,15,15,15,0,0,,,,,,100,
7499091,57,Room Based Capacity,,,,,,21,30,21,0,9,,100
7499092,214,Room Based Capacity,,,,,,63,65,63,0,2,,100
7499093,24,Room Based Capacity,,,,,,12,14,12,0,2,,100
7499094,76,Room Based Capacity,,,,,,76,77,76,0,1,,100
7499095,12,Bed Based Capacity,12,12,12,0,0,,,,,,100,
7499096,124,Room Based Capacity,,,,,,69,86,68,1,17,,98.55
7499097,99,Room Based Capacity,,,,,,100,100,99,1,0,,99
7499098,155,Room Based Capacity,,,,,,43,43,43,0,0,,100
7499099,2,Bed Based Capacity,2,20,2,0,18,,,,,,100,
7499100,115,Room Based Capacity,,,,,,40,63,40,0,23,,100
7499101,5,Room Based Capacity,,,,,,5,10,5,0,5,,100
7499102,42,Room Based Capacity,,,,,,19,20,19,0,1,,100
7499103,34,Bed Based Capacity,35,37,34,1,2,,,,,,97.14,
7499104,63,Room Based Capacity,,,,,,67,51,59,8,0,,88.06
7499105,24,Bed Based Capacity,24,24,24,0,0,,,,,,100,
7499106,85,Room Based Capacity,,,,,,32,37,32,0,5,,100
7499107,68,Room Based Capacity,,,,,,71,82,61,10,11,,85.92
7499108,13,Room Based Capacity,,,,,,27,30,13,14,3,,48.15
7499109,51,Room Based Capacity,,,,,,54,30,45,9,0,,83.33
7499110,43,Room Based Capacity,,,,,,22,23,22,0,1,,100
7499111,76,Bed Based Capacity,80,80,76,4,0,,,,,,95,
7499112,46,Bed Based Capacity,46,50,46,0,4,,,,,,100,
7499113,43,Bed Based Capacity,50,51,43,7,1,,,,,,86,
7499114,70,Bed Based Capacity,75,81,70,5,6,,,,,,93.33,
7499115,48,Bed Based Capacity,48,72,48,0,24,,,,,,100,
7499116,17,Bed Based Capacity,22,22,17,5,0,,,,,,77.27,
7499117,11,Bed Based Capacity,11,15,11,0,4,,,,,,100,
7499118,44,Bed Based Capacity,44,55,44,0,11,,,,,,100,
7499119,12,Bed Based Capacity,12,15,12,0,3,,,,,,100,
7499120,13,Bed Based Capacity,13,27,13,0,14,,,,,,100,
7499121,65,Room Based Capacity,,,,,,65,71,59,6,6,,90.77
7499122,4,Bed Based Capacity,4,4,4,0,0,,,,,,100,
7499123,73,Bed Based Capacity,73,74,73,0,1,,,,,,100,
7499124,21,Bed Based Capacity,21,21,21,0,0,,,,,,100,
7499125,1,Bed Based Capacity,2,2,1,1,0,,,,,,50,
7499126,41,Room Based Capacity,,,,,,42,42,41,1,0,,97.62
7499127,31,Bed Based Capacity,32,53,31,1,21,,,,,,96.88,
7499128,27,Bed Based Capacity,28,28,27,1,0,,,,,,96.43,
7499129,44,Bed Based Capacity,44,44,44,0,0,,,,,,100,
7499130,48,Bed Based Capacity,48,50,48,0,2,,,,,,100,
7499131,240,Room Based Capacity,,,,,,231,245,223,8,14,,96.54
7499132,41,Bed Based Capacity,41,41,41,0,0,,,,,,100,
7499133,88,Room Based Capacity,,,,,,90,92,88,2,2,,97.78
7499134,49,Room Based Capacity,,,,,,47,52,47,0,5,,100
7499135,22,Bed Based Capacity,22,22,22,0,0,,,,,,100,
7499136,40,Bed Based Capacity,50,50,40,10,0,,,,,,80,
7499137,15,Bed Based Capacity,16,16,15,1,0,,,,,,93.75,
7499138,39,Room Based Capacity,,,,,,40,41,39,1,1,,97.5
7499139,4,Bed Based Capacity,5,5,4,1,0,,,,,,80,
7499140,10,Bed Based Capacity,11,11,10,1,0,,,,,,90.91,
7499141,34,Bed Based Capacity,37,37,34,3,0,,,,,,91.89,
7499142,24,Bed Based Capacity,24,24,24,0,0,,,,,,100,
7499143,43,Bed Based Capacity,44,44,43,1,0,,,,,,97.73,
7499144,23,Bed Based Capacity,23,23,23,0,0,,,,,,100,
7499145,52,Bed Based Capacity,52,54,52,0,2,,,,,,100,
7499146,275,Room Based Capacity,,,,,,266,262,266,0,0,,100
7499147,45,Bed Based Capacity,45,45,45,0,0,,,,,,100,
7499148,3,Bed Based Capacity,5,5,3,2,0,,,,,,60,
7499149,27,Bed Based Capacity,28,28,27,1,0,,,,,,96.43,
7499150,23,Bed Based Capacity,25,25,23,2,0,,,,,,92,
7499151,25,Bed Based Capacity,25,25,25,0,0,,,,,,100,
7499152,5,Bed Based Capacity,5,5,5,0,0,,,,,,100,
7499153,46,Room Based Capacity,,,,,,46,47,46,0,1,,100
7499154,50,Bed Based Capacity,50,50,50,0,0,,,,,,100,
7499155,100,Room Based Capacity,,,,,,91,94,91,0,3,,100
7499156,54,Bed Based Capacity,60,70,54,6,10,,,,,,90,
7499157,19,Bed Based Capacity,19,19,19,0,0,,,,,,100,
7499158,28,Bed Based Capacity,30,31,28,2,1,,,,,,93.33,
7499159,53,Bed Based Capacity,53,55,53,0,2,,,,,,100,
7499160,256,Room Based Capacity,,,,,,227,235,227,0,8,,100
7499161,284,Room Based Capacity,,,,,,247,263,247,0,16,,100
7499162,174,Bed Based Capacity,174,174,174,0,0,,,,,,100,
7499163,37,Bed Based Capacity,37,37,37,0,0,,,,,,100,
7499164,90,Bed Based Capacity,90,100,90,0,10,,,,,,100,
7499165,34,Bed Based Capacity,34,35,34,0,1,,,,,,100,
7499166,34,Bed Based Capacity,35,51,34,1,16,,,,,,97.14,
7499167,1,Bed Based Capacity,1,3,1,0,2,,,,,,100,
7499168,63,Bed Based Capacity,68,83,63,5,15,,,,,,92.65,
7499169,18,Bed Based Capacity,18,18,18,0,0,,,,,,100,
7499170,32,Room Based Capacity,,,,,,32,40,32,0,8,,100
7499171,14,Bed Based Capacity,14,15,14,0,1,,,,,,100,
7499172,27,Bed Based Capacity,27,27,27,0,0,,,,,,100,
7499173,35,Bed Based Capacity,44,44,35,9,0,,,,,,79.55,
7499174,13,Bed Based Capacity,17,17,13,4,0,,,,,,76.47,
7499175,7,Bed Based Capacity,9,9,7,2,0,,,,,,77.78,
7499176,9,Room Based Capacity,,,,,,14,14,9,5,0,,64.29
7499177,18,Bed Based Capacity,19,19,18,1,0,,,,,,94.74,
7499178,15,Bed Based Capacity,15,15,15,0,0,,,,,,100,
7499179,20,Bed Based Capacity,20,20,20,0,0,,,,,,100,
7499180,22,Bed Based Capacity,22,27,22,0,5,,,,,,100,
7499181,24,Bed Based Capacity,25,30,24,1,5,,,,,,96,
7499182,12,Bed Based Capacity,12,19,12,0,7,,,,,,100,
7499183,43,Bed Based Capacity,43,43,43,0,0,,,,,,100,
7499184,30,Room Based Capacity,,,,,,30,32,30,0,2,,100
7499185,27,Bed Based Capacity,27,28,27,0,1,,,,,,100,
7499186,47,Room Based Capacity,,,,,,33,34,33,0,1,,100
7499187,215,Room Based Capacity,,,,,,63,75,61,2,12,,96.83
7499188,67,Bed Based Capacity,67,67,67,0,0,,,,,,100,
7499189,61,Room Based Capacity,,,,,,23,28,21,2,5,,91.3
7499190,47,Bed Based Capacity,48,49,47,1,1,,,,,,97.92,
7499191,71,Room Based Capacity,,,,,,73,73,71,2,0,,97.26
7499192,50,Bed Based Capacity,50,54,50,0,4,,,,,,100,
7499193,125,Room Based Capacity,,,,,,125,131,125,0,6,,100
7499194,218,Bed Based Capacity,234,234,218,16,0,,,,,,93.16,
7499195,35,Bed Based Capacity,35,36,35,0,1,,,,,,100,
7499196,73,Room Based Capacity,,,,,,73,77,73,0,4,,100
7499197,35,Bed Based Capacity,37,39,35,2,2,,,,,,94.59,
7499198,27,Bed Based Capacity,30,30,27,3,0,,,,,,90,
7499199,40,Bed Based Capacity,40,40,40,0,0,,,,,,100,
7499200,10,Room Based Capacity,,,,,,3,3,3,0,0,,100
7499201,6,Bed Based Capacity,6,6,6,0,0,,,,,,100,
7499202,13,Bed Based Capacity,13,16,13,0,3,,,,,,100,
7499203,25,Bed Based Capacity,28,37,25,3,9,,,,,,89.29,
7499204,3,Bed Based Capacity,3,5,3,0,2,,,,,,100,
7499205,70,Room Based Capacity,,,,,,23,27,22,1,4,,95.65
7499206,17,Bed Based Capacity,19,19,17,2,0,,,,,,89.47,
7499207,26,Room Based Capacity,,,,,,28,28,26,2,0,,92.86
7499208,22,Bed Based Capacity,25,25,22,3,0,,,,,,88,
7499209,25,Bed Based Capacity,25,25,25,0,0,,,,,,100,
7499210,20,Bed Based Capacity,24,24,20,4,0,,,,,,83.33,
7499211,18,Bed Based Capacity,19,19,18,1,0,,,,,,94.74,
7499212,5,Bed Based Capacity,20,20,5,15,0,,,,,,25,
7499213,23,Bed Based Capacity,23,23,23,0,0,,,,,,100,
7499214,13,Bed Based Capacity,14,14,13,1,0,,,,,,92.86,
7499215,10,Bed Based Capacity,10,10,10,0,0,,,,,,100,
7499216,29,Bed Based Capacity,29,31,29,0,2,,,,,,100,
7499217,49,Room Based Capacity,,,,,,48,55,48,0,7,,100
7499218,20,Room Based Capacity,,,,,,10,15,10,0,5,,100
7499219,16,Room Based Capacity,,,,,,16,29,16,0,13,,100
7499220,8,Bed Based Capacity,8,8,8,0,0,,,,,,100,
7499221,270,Room Based Capacity,,,,,,97,113,97,0,16,,100
7499222,330,Room Based Capacity,,,,,,105,107,104,1,2,,99.05
7499223,13,Room Based Capacity,,,,,,13,13,13,0,0,,100
7499224,147,Room Based Capacity,,,,,,143,155,143,0,12,,100
7499225,39,Room Based Capacity,,,,,,39,40,39,0,1,,100
7499226,33,Bed Based Capacity,33,33,33,0,0,,,,,,100,
7499227,15,Bed Based Capacity,15,15,15,0,0,,,,,,100,
7499228,57,Room Based Capacity,,,,,,21,30,21,0,9,,100
7499229,214,Room Based Capacity,,,,,,63,65,63,0,2,,100
7499230,24,Room Based Capacity,,,,,,12,14,12,0,2,,100
7499231,76,Room Based Capacity,,,,,,76,77,76,0,1,,100
7499232,12,Bed Based Capacity,12,12,12,0,0,,,,,,100,
7499233,127,Room Based Capacity,,,,,,71,86,70,1,15,,98.59
7499234,99,Room Based Capacity,,,,,,100,100,99,1,0,,99
7499235,155,Room Based Capacity,,,,,,43,43,43,0,0,,100
7499236,2,Bed Based Capacity,2,20,2,0,18,,,,,,100,
7499237,115,Room Based Capacity,,,,,,40,63,40,0,23,,100
7499238,5,Room Based Capacity,,,,,,5,10,5,0,5,,100
7499239,42,Room Based Capacity,,,,,,19,20,19,0,1,,100
7499240,34,Bed Based Capacity,35,37,34,1,2,,,,,,97.14,
7499241,63,Room Based Capacity,,,,,,67,51,59,8,0,,88.06
7499242,24,Bed Based Capacity,24,24,24,0,0,,,,,,100,
7499243,86,Room Based Capacity,,,,,,34,37,34,0,3,,100
7499244,68,Room Based Capacity,,,,,,71,82,61,10,11,,85.92
7499245,8,Room Based Capacity,,,,,,28,30,8,20,2,,28.57
7499246,55,Room Based Capacity,,,,,,54,30,49,5,0,,90.74
7499247,42,Room Based Capacity,,,,,,22,23,22,0,1,,100
7499248,76,Bed Based Capacity,80,80,76,4,0,,,,,,95,
7499249,46,Bed Based Capacity,48,50,46,2,2,,,,,,95.83,
7499250,43,Bed Based Capacity,50,51,43,7,1,,,,,,86,
7499251,71,Bed Based Capacity,75,81,71,4,6,,,,,,94.67,
7499252,49,Bed Based Capacity,49,72,49,0,23,,,,,,100,
7499253,17,Bed Based Capacity,22,22,17,5,0,,,,,,77.27,
7499254,11,Bed Based Capacity,11,15,11,0,4,,,,,,100,
7499255,44,Bed Based Capacity,44,55,44,0,11,,,,,,100,
7499256,3,Bed Based Capacity,3,15,3,0,12,,,,,,100,
7499257,13,Bed Based Capacity,13,27,13,0,14,,,,,,100,
7499258,64,Room Based Capacity,,,,,,60,71,59,1,11,,98.33
7499259,4,Bed Based Capacity,4,4,4,0,0,,,,,,100,
7499260,73,Bed Based Capacity,73,74,73,0,1,,,,,,100,
7499261,21,Bed Based Capacity,21,21,21,0,0,,,,,,100,
7499262,1,Bed Based Capacity,2,2,1,1,0,,,,,,50,
7499263,40,Room Based Capacity,,,,,,40,42,40,0,2,,100
7499264,33,Bed Based Capacity,34,53,33,1,19,,,,,,97.06,
7499265,27,Bed Based Capacity,28,28,27,1,0,,,,,,96.43,
7499266,43,Bed Based Capacity,43,44,43,0,1,,,,,,100,
7499267,47,Bed Based Capacity,48,50,47,1,2,,,,,,97.92,
7499268,240,Room Based Capacity,,,,,,231,245,223,8,14,,96.54
7499269,40,Bed Based Capacity,41,41,40,1,0,,,,,,97.56,
7499270,87,Room Based Capacity,,,,,,90,92,87,3,2,,96.67
7499271,49,Room Based Capacity,,,,,,47,52,47,0,5,,100
7499272,22,Bed Based Capacity,22,22,22,0,0,,,,,,100,
7499273,40,Bed Based Capacity,50,50,40,10,0,,,,,,80,
7499274,16,Bed Based Capacity,16,16,16,0,0,,,,,,100,
7499275,39,Room Based Capacity,,,,,,40,41,39,1,1,,97.5
7499276,4,Bed Based Capacity,5,5,4,1,0,,,,,,80,
7499277,10,Bed Based Capacity,11,11,10,1,0,,,,,,90.91,
7499278,34,Bed Based Capacity,37,37,34,3,0,,,,,,91.89,
7499279,24,Bed Based Capacity,24,24,24,0,0,,,,,,100,
7499280,42,Bed Based Capacity,44,44,42,2,0,,,,,,95.45,
7499281,23,Bed Based Capacity,23,23,23,0,0,,,,,,100,
7499282,52,Bed Based Capacity,52,54,52,0,2,,,,,,100,
7499283,276,Room Based Capacity,,,,,,267,262,267,0,0,,100
7499284,45,Bed Based Capacity,45,45,45,0,0,,,,,,100,
7499285,3,Bed Based Capacity,5,5,3,2,0,,,,,,60,
7499286,27,Bed Based Capacity,28,28,27,1,0,,,,,,96.43,
7499287,22,Bed Based Capacity,25,25,22,3,0,,,,,,88,
7499288,25,Bed Based Capacity,25,25,25,0,0,,,,,,100,
7499289,5,Bed Based Capacity,5,5,5,0,0,,,,,,100,
7499290,46,Room Based Capacity,,,,,,46,47,46,0,1,,100
7499291,50,Bed Based Capacity,50,50,50,0,0,,,,,,100,
7499292,98,Room Based Capacity,,,,,,89,94,89,0,5,,100
7499293,56,Bed Based Capacity,60,70,56,4,10,,,,,,93.33,
7499294,19,Bed Based Capacity,19,19,19,0,0,,,,,,100,
7499295,30,Bed Based Capacity,30,31,30,0,1,,,,,,100,
7499296,53,Bed Based Capacity,53,55,53,0,2,,,,,,100,
7499297,255,Room Based Capacity,,,,,,227,235,227,0,8,,100
7499298,282,Room Based Capacity,,,,,,247,263,246,1,16,,99.6
7499299,173,Bed Based Capacity,174,174,173,1,0,,,,,,99.43,
7499300,37,Bed Based Capacity,37,37,37,0,0,,,,,,100,
7499301,100,Bed Based Capacity,100,100,100,0,0,,,,,,100,
7499302,33,Bed Based Capacity,33,35,33,0,2,,,,,,100,
7499303,46,Bed Based Capacity,48,51,46,2,3,,,,,,95.83,
7499304,1,Bed Based Capacity,1,3,1,0,2,,,,,,100,
7499305,63,Bed Based Capacity,68,83,63,5,15,,,,,,92.65,
7499306,18,Bed Based Capacity,18,18,18,0,0,,,,,,100,
7499307,32,Room Based Capacity,,,,,,32,40,32,0,8,,100
7499308,15,Bed Based Capacity,15,15,15,0,0,,,,,,100,
7499309,27,Bed Based Capacity,27,27,27,0,0,,,,,,100,
7499310,40,Bed Based Capacity,44,44,40,4,0,,,,,,90.91,
7499311,13,Bed Based Capacity,17,17,13,4,0,,,,,,76.47,
7499312,7,Bed Based Capacity,9,9,7,2,0,,,,,,77.78,
7499313,9,Room Based Capacity,,,,,,14,14,9,5,0,,64.29
7499314,17,Bed Based Capacity,19,19,17,2,0,,,,,,89.47,
7499315,15,Bed Based Capacity,15,15,15,0,0,,,,,,100,
7499316,19,Bed Based Capacity,19,20,19,0,1,,,,,,100,
7499317,22,Bed Based Capacity,22,27,22,0,5,,,,,,100,
7499318,24,Bed Based Capacity,25,30,24,1,5,,,,,,96,
7499319,12,Bed Based Capacity,12,19,12,0,7,,,,,,100,
7499320,43,Bed Based Capacity,43,43,43,0,0,,,,,,100,
7499321,30,Room Based Capacity,,,,,,30,32,30,0,2,,100
7499322,25,Bed Based Capacity,25,28,25,0,3,,,,,,100,
7499323,47,Room Based Capacity,,,,,,33,34,33,0,1,,100
7499324,215,Room Based Capacity,,,,,,63,75,61,2,12,,96.83
7499325,67,Bed Based Capacity,67,67,67,0,0,,,,,,100,
7499326,61,Room Based Capacity,,,,,,23,28,21,2,5,,91.3
7499327,47,Bed Based Capacity,48,49,47,1,1,,,,,,97.92,
7499328,73,Room Based Capacity,,,,,,73,73,73,0,0,,100
7499329,49,Bed Based Capacity,49,54,49,0,5,,,,,,100,
7499330,125,Room Based Capacity,,,,,,125,131,125,0,6,,100
7499331,217,Bed Based Capacity,234,234,217,17,0,,,,,,92.74,
7499332,34,Bed Based Capacity,35,36,34,1,1,,,,,,97.14,
7499333,73,Room Based Capacity,,,,,,73,77,73,0,4,,100
7499334,35,Bed Based Capacity,37,39,35,2,2,,,,,,94.59,
7499335,27,Bed Based Capacity,30,30,27,3,0,,,,,,90,
7499336,40,Bed Based Capacity,40,40,40,0,0,,,,,,100,
7499337,10,Room Based Capacity,,,,,,3,3,3,0,0,,100
7499338,6,Bed Based Capacity,6,6,6,0,0,,,,,,100,
7499339,13,Bed Based Capacity,13,16,13,0,3,,,,,,100,
7499340,25,Bed Based Capacity,28,37,25,3,9,,,,,,89.29,
7499341,1,Bed Based Capacity,1,5,1,0,4,,,,,,100,
7499342,70,Room Based Capacity,,,,,,23,27,22,1,4,,95.65
7499343,17,Bed Based Capacity,19,19,17,2,0,,,,,,89.47,
7499344,27,Room Based Capacity,,,,,,28,28,27,1,0,,96.43
7499345,22,Bed Based Capacity,25,25,22,3,0,,,,,,88,
7499346,25,Bed Based Capacity,25,25,25,0,0,,,,,,100,
7499347,20,Bed Based Capacity,24,24,20,4,0,,,,,,83.33,
7499348,17,Bed Based Capacity,19,19,17,2,0,,,,,,89.47,
7499349,5,Bed Based Capacity,20,20,5,15,0,,,,,,25,
7499350,23,Bed Based Capacity,23,23,23,0,0,,,,,,100,
7499351,13,Bed Based Capacity,14,14,13,1,0,,,,,,92.86,
7499352,10,Bed Based Capacity,10,10,10,0,0,,,,,,100,
7499353,29,Bed Based Capacity,29,31,29,0,2,,,,,,100,
7499354,49,Room Based Capacity,,,,,,48,55,48,0,7,,100
7499355,20,Room Based Capacity,,,,,,11,15,10,1,4,,90.91
7499356,16,Room Based Capacity,,,,,,16,29,16,0,13,,100
7499357,8,Bed Based Capacity,8,8,8,0,0,,,,,,100,
7499358,266,Room Based Capacity,,,,,,96,113,96,0,17,,100
7499359,330,Room Based Capacity,,,,,,104,107,104,0,3,,100
7499360,13,Room Based Capacity,,,,,,13,13,13,0,0,,100
7499361,147,Room Based Capacity,,,,,,143,155,143,0,12,,100
7499362,39,Room Based Capacity,,,,,,39,40,39,0,1,,100
7499363,33,Bed Based Capacity,33,33,33,0,0,,,,,,100,
7499364,15,Bed Based Capacity,15,15,15,0,0,,,,,,100,
7499365,57,Room Based Capacity,,,,,,21,30,21,0,9,,100
7499366,214,Room Based Capacity,,,,,,63,65,63,0,2,,100
7499367,24,Room Based Capacity,,,,,,12,14,12,0,2,,100
7499368,76,Room Based Capacity,,,,,,76,77,76,0,1,,100
7499369,12,Bed Based Capacity,12,12,12,0,0,,,,,,100,
7499370,127,Room Based Capacity,,,,,,70,86,70,0,16,,100
7499371,99,Room Based Capacity,,,,,,99,100,99,0,1,,100
7499372,155,Room Based Capacity,,,,,,43,43,43,0,0,,100
7499373,2,Bed Based Capacity,2,20,2,0,18,,,,,,100,
7499374,115,Room Based Capacity,,,,,,40,63,40,0,23,,100
7499375,5,Room Based Capacity,,,,,,5,10,5,0,5,,100
7499376,42,Room Based Capacity,,,,,,19,20,19,0,1,,100
7499377,34,Bed Based Capacity,35,37,34,1,2,,,,,,97.14,
7499378,63,Room Based Capacity,,,,,,67,51,59,8,0,,88.06
7499379,24,Bed Based Capacity,24,24,24,0,0,,,,,,100,
7499380,86,Room Based Capacity,,,,,,34,37,34,0,3,,100
7499381,65,Room Based Capacity,,,,,,71,82,58,13,11,,81.69
7499382,7,Room Based Capacity,,,,,,12,30,7,5,18,,58.33
7499383,54,Room Based Capacity,,,,,,49,30,48,1,0,,97.96
7499384,42,Room Based Capacity,,,,,,22,23,22,0,1,,100
7499385,76,Bed Based Capacity,80,80,76,4,0,,,,,,95,
7499386,47,Bed Based Capacity,47,50,47,0,3,,,,,,100,
7499387,43,Bed Based Capacity,50,51,43,7,1,,,,,,86,
7499388,72,Bed Based Capacity,72,81,72,0,9,,,,,,100,
7499389,48,Bed Based Capacity,48,72,48,0,24,,,,,,100,
7499390,18,Bed Based Capacity,22,22,18,4,0,,,,,,81.82,
7499391,12,Bed Based Capacity,12,15,12,0,3,,,,,,100,
7499392,44,Bed Based Capacity,44,55,44,0,11,,,,,,100,
7499393,5,Bed Based Capacity,15,15,5,10,0,,,,,,33.33,
7499394,13,Bed Based Capacity,13,27,13,0,14,,,,,,100,
7499395,65,Room Based Capacity,,,,,,61,71,60,1,10,,98.36
7499396,4,Bed Based Capacity,4,4,4,0,0,,,,,,100,
7499397,73,Bed Based Capacity,73,74,73,0,1,,,,,,100,
7499398,21,Bed Based Capacity,21,21,21,0,0,,,,,,100,
7499399,1,Bed Based Capacity,2,2,1,1,0,,,,,,50,
7499400,40,Room Based Capacity,,,,,,40,42,40,0,2,,100
7499401,33,Bed Based Capacity,34,53,33,1,19,,,,,,97.06,
7499402,27,Bed Based Capacity,28,28,27,1,0,,,,,,96.43,
7499403,41,Bed Based Capacity,41,44,41,0,3,,,,,,100,
7499404,45,Bed Based Capacity,45,50,45,0,5,,,,,,100,
7499405,240,Room Based Capacity,,,,,,231,245,223,8,14,,96.54
7499406,41,Bed Based Capacity,41,41,41,0,0,,,,,,100,
7499407,87,Room Based Capacity,,,,,,90,92,87,3,2,,96.67
7499408,51,Room Based Capacity,,,,,,49,52,49,0,3,,100
7499409,22,Bed Based Capacity,22,22,22,0,0,,,,,,100,
7499410,40,Bed Based Capacity,50,50,40,10,0,,,,,,80,
7499411,16,Bed Based Capacity,16,16,16,0,0,,,,,,100,
7499412,41,Room Based Capacity,,,,,,41,41,41,0,0,,100
7499413,4,Bed Based Capacity,5,5,4,1,0,,,,,,80,
7499414,10,Bed Based Capacity,11,11,10,1,0,,,,,,90.91,
7499415,34,Bed Based Capacity,37,37,34,3,0,,,,,,91.89,
7499416,24,Bed Based Capacity,24,24,24,0,0,,,,,,100,
7499417,40,Bed Based Capacity,44,44,40,4,0,,,,,,90.91,
7499418,23,Bed Based Capacity,23,23,23,0,0,,,,,,100,
7499419,52,Bed Based Capacity,52,54,52,0,2,,,,,,100,
7499420,276,Room Based Capacity,,,,,,267,271,267,0,4,,100
7499421,45,Bed Based Capacity,45,45,45,0,0,,,,,,100,
7499422,3,Bed Based Capacity,5,5,3,2,0,,,,,,60,
7499423,27,Bed Based Capacity,28,28,27,1,0,,,,,,96.43,
7499424,23,Bed Based Capacity,25,25,23,2,0,,,,,,92,
7499425,25,Bed Based Capacity,25,25,25,0,0,,,,,,100,
7499426,5,Bed Based Capacity,5,5,5,0,0,,,,,,100,
7499427,46,Room Based Capacity,,,,,,46,47,46,0,1,,100
7499428,50,Bed Based Capacity,50,50,50,0,0,,,,,,100,
7499429,98,Room Based Capacity,,,,,,89,94,89,0,5,,100
7499430,58,Bed Based Capacity,58,70,58,0,12,,,,,,100,
7499431,19,Bed Based Capacity,19,19,19,0,0,,,,,,100,
7499432,29,Bed Based Capacity,29,31,29,0,2,,,,,,100,
7499433,53,Bed Based Capacity,53,55,53,0,2,,,,,,100,
7499434,257,Room Based Capacity,,,,,,228,235,228,0,7,,100
7499435,283,Room Based Capacity,,,,,,247,263,247,0,16,,100
7499436,13,Bed Based Capacity,50,50,13,37,0,,,,,,26,
7499437,27,Bed Based Capacity,66,66,27,39,0,,,,,,40.91,
7499438,174,Bed Based Capacity,174,174,174,0,0,,,,,,100,
7499439,37,Bed Based Capacity,37,37,37,0,0,,,,,,100,
7499440,99,Bed Based Capacity,99,100,99,0,1,,,,,,100,
7499441,33,Bed Based Capacity,33,35,33,0,2,,,,,,100,
7499442,46,Bed Based Capacity,48,51,46,2,3,,,,,,95.83,
7499443,1,Bed Based Capacity,1,3,1,0,2,,,,,,100,
7499444,63,Bed Based Capacity,68,83,63,5,15,,,,,,92.65,
7499445,18,Bed Based Capacity,18,18,18,0,0,,,,,,100,
7499446,33,Room Based Capacity,,,,,,33,40,33,0,7,,100
7499447,15,Bed Based Capacity,15,15,15,0,0,,,,,,100,
7499448,27,Bed Based Capacity,27,27,27,0,0,,,,,,100,
7499449,41,Bed Based Capacity,44,44,41,3,0,,,,,,93.18,
7499450,12,Bed Based Capacity,17,17,12,5,0,,,,,,70.59,
7499451,7,Bed Based Capacity,9,9,7,2,0,,,,,,77.78,
7499452,9,Room Based Capacity,,,,,,14,14,9,5,0,,64.29
7499453,16,Bed Based Capacity,19,19,16,3,0,,,,,,84.21,
7499454,15,Bed Based Capacity,15,15,15,0,0,,,,,,100,
7499455,19,Bed Based Capacity,19,20,19,0,1,,,,,,100,
7499456,22,Bed Based Capacity,22,27,22,0,5,,,,,,100,
7499457,24,Bed Based Capacity,25,30,24,1,5,,,,,,96,
7499458,12,Bed Based Capacity,12,19,12,0,7,,,,,,100,
7499459,43,Bed Based Capacity,43,43,43,0,0,,,,,,100,
7499460,30,Room Based Capacity,,,,,,30,32,30,0,2,,100
7499461,26,Bed Based Capacity,26,28,26,0,2,,,,,,100,
7499462,47,Room Based Capacity,,,,,,33,34,33,0,1,,100
7499463,218,Room Based Capacity,,,,,,63,75,62,1,12,,98.41
7499464,67,Bed Based Capacity,67,67,67,0,0,,,,,,100,
7499465,61,Room Based Capacity,,,,,,23,28,21,2,5,,91.3
7499466,47,Bed Based Capacity,48,49,47,1,1,,,,,,97.92,
7499467,73,Room Based Capacity,,,,,,73,73,73,0,0,,100
7499468,49,Bed Based Capacity,49,54,49,0,5,,,,,,100,
7499469,126,Room Based Capacity,,,,,,126,131,126,0,5,,100
7499470,215,Bed Based Capacity,234,234,215,19,0,,,,,,91.88,
7499471,34,Bed Based Capacity,34,36,34,0,2,,,,,,100,
7499472,73,Room Based Capacity,,,,,,73,77,73,0,4,,100
7499473,34,Bed Based Capacity,34,39,34,0,5,,,,,,100,
7499474,27,Bed Based Capacity,27,30,27,0,3,,,,,,100,
7499475,40,Bed Based Capacity,40,40,40,0,0,,,,,,100,
7499476,10,Room Based Capacity,,,,,,3,3,3,0,0,,100
7499477,6,Bed Based Capacity,6,6,6,0,0,,,,,,100,
7499478,13,Bed Based Capacity,13,16,13,0,3,,,,,,100,
7499479,25,Bed Based Capacity,28,37,25,3,9,,,,,,89.29,
7499480,1,Bed Based Capacity,1,5,1,0,4,,,,,,100,
7499481,79,Room Based Capacity,,,,,,25,27,25,0,2,,100
7499482,17,Bed Based Capacity,19,19,17,2,0,,,,,,89.47,
7499483,28,Room Based Capacity,,,,,,28,28,28,0,0,,100
7499484,21,Bed Based Capacity,25,25,21,4,0,,,,,,84,
7499485,25,Bed Based Capacity,25,25,25,0,0,,,,,,100,
7499486,20,Bed Based Capacity,24,24,20,4,0,,,,,,83.33,
7499487,17,Bed Based Capacity,19,19,17,2,0,,,,,,89.47,
7499488,5,Bed Based Capacity,20,20,5,15,0,,,,,,25,
7499489,23,Bed Based Capacity,23,23,23,0,0,,,,,,100,
7499490,13,Bed Based Capacity,14,14,13,1,0,,,,,,92.86,
7499491,10,Bed Based Capacity,10,10,10,0,0,,,,,,100,
7499492,29,Bed Based Capacity,29,31,29,0,2,,,,,,100,
7499493,50,Room Based Capacity,,,,,,49,55,49,0,6,,100
7499494,20,Room Based Capacity,,,,,,10,15,10,0,5,,100
7499495,16,Room Based Capacity,,,,,,16,29,16,0,13,,100
7499496,8,Bed Based Capacity,8,8,8,0,0,,,,,,100,
7499497,265,Room Based Capacity,,,,,,96,113,95,1,17,,98.96
7499498,327,Room Based Capacity,,,,,,104,107,104,0,3,,100
7499499,13,Room Based Capacity,,,,,,13,13,13,0,0,,100
7499500,147,Room Based Capacity,,,,,,143,155,143,0,12,,100
7499501,39,Room Based Capacity,,,,,,39,40,39,0,1,,100
7499502,33,Bed Based Capacity,33,33,33,0,0,,,,,,100,
7499503,15,Bed Based Capacity,15,15,15,0,0,,,,,,100,
7499504,57,Room Based Capacity,,,,,,21,30,21,0,9,,100
7499505,210,Room Based Capacity,,,,,,63,65,62,1,2,,98.41
7499506,24,Room Based Capacity,,,,,,12,14,12,0,2,,100
7499507,76,Room Based Capacity,,,,,,76,77,76,0,1,,100
7499508,11,Bed Based Capacity,12,12,11,1,0,,,,,,91.67,
7499509,126,Room Based Capacity,,,,,,70,86,70,0,16,,100
7499510,99,Room Based Capacity,,,,,,99,100,99,0,1,,100
7499511,155,Room Based Capacity,,,,,,43,43,43,0,0,,100
7499512,2,Bed Based Capacity,2,20,2,0,18,,,,,,100,
7499513,115,Room Based Capacity,,,,,,40,63,40,0,23,,100
7499514,5,Room Based Capacity,,,,,,5,10,5,0,5,,100
7499515,42,Room Based Capacity,,,,,,19,20,19,0,1,,100
7499516,34,Bed Based Capacity,36,37,34,2,1,,,,,,94.44,
7499517,64,Room Based Capacity,,,,,,67,51,60,7,0,,89.55
7499518,24,Bed Based Capacity,24,24,24,0,0,,,,,,100,
7499519,90,Room Based Capacity,,,,,,35,37,35,0,2,,100
7499520,65,Room Based Capacity,,,,,,71,82,58,13,11,,81.69
7499521,4,Room Based Capacity,,,,,,12,30,3,9,18,,25
7499522,55,Room Based Capacity,,,,,,51,30,49,2,0,,96.08
7499523,42,Room Based Capacity,,,,,,22,23,22,0,1,,100
7499524,76,Bed Based Capacity,80,80,76,4,0,,,,,,95,
7499525,47,Bed Based Capacity,47,50,47,0,3,,,,,,100,
7499526,43,Bed Based Capacity,50,51,43,7,1,,,,,,86,
7499527,72,Bed Based Capacity,72,81,72,0,9,,,,,,100,
7499528,47,Bed Based Capacity,48,72,47,1,24,,,,,,97.92,
7499529,18,Bed Based Capacity,22,22,18,4,0,,,,,,81.82,
7499530,11,Bed Based Capacity,12,15,11,1,3,,,,,,91.67,
7499531,44,Bed Based Capacity,44,55,44,0,11,,,,,,100,
7499532,11,Bed Based Capacity,15,15,11,4,0,,,,,,73.33,
7499533,13,Bed Based Capacity,13,27,13,0,14,,,,,,100,
7499534,65,Room Based Capacity,,,,,,61,71,60,1,10,,98.36
7499535,4,Bed Based Capacity,4,4,4,0,0,,,,,,100,
7499536,73,Bed Based Capacity,73,74,73,0,1,,,,,,100,
7499537,21,Bed Based Capacity,21,21,21,0,0,,,,,,100,
7499538,1,Bed Based Capacity,2,2,1,1,0,,,,,,50,
7499539,40,Room Based Capacity,,,,,,40,42,40,0,2,,100
7499540,33,Bed Based Capacity,33,53,33,0,20,,,,,,100,
7499541,26,Bed Based Capacity,28,28,26,2,0,,,,,,92.86,
7499542,37,Bed Based Capacity,37,44,37,0,7,,,,,,100,
7499543,44,Bed Based Capacity,44,50,44,0,6,,,,,,100,
7499544,242,Room Based Capacity,,,,,,232,245,225,7,13,,96.98
7499545,41,Bed Based Capacity,41,41,41,0,0,,,,,,100,
7499546,87,Room Based Capacity,,,,,,90,92,87,3,2,,96.67
7499547,51,Room Based Capacity,,,,,,49,52,49,0,3,,100
7499548,22,Bed Based Capacity,22,22,22,0,0,,,,,,100,
7499549,40,Bed Based Capacity,50,50,40,10,0,,,,,,80,
7499550,16,Bed Based Capacity,16,16,16,0,0,,,,,,100,
7499551,41,Room Based Capacity,,,,,,41,41,41,0,0,,100
7499552,4,Bed Based Capacity,5,5,4,1,0,,,,,,80,
7499553,10,Bed Based Capacity,11,11,10,1,0,,,,,,90.91,
7499554,34,Bed Based Capacity,37,37,34,3,0,,,,,,91.89,
7499555,24,Bed Based Capacity,24,24,24,0,0,,,,,,100,
7499556,39,Bed Based Capacity,44,44,39,5,0,,,,,,88.64,
7499557,23,Bed Based Capacity,23,23,23,0,0,,,,,,100,
7499558,52,Bed Based Capacity,52,54,52,0,2,,,,,,100,
7499559,275,Room Based Capacity,,,,,,267,271,266,1,4,,99.63
7499560,45,Bed Based Capacity,45,45,45,0,0,,,,,,100,
7499561,4,Bed Based Capacity,5,5,4,1,0,,,,,,80,
7499562,27,Bed Based Capacity,28,28,27,1,0,,,,,,96.43,
7499563,23,Bed Based Capacity,25,25,23,2,0,,,,,,92,
7499564,25,Bed Based Capacity,25,25,25,0,0,,,,,,100,
7499565,5,Bed Based Capacity,5,5,5,0,0,,,,,,100,
7499566,46,Room Based Capacity,,,,,,46,47,46,0,1,,100
7499567,50,Bed Based Capacity,50,50,50,0,0,,,,,,100,
7499568,98,Room Based Capacity,,,,,,89,94,89,0,5,,100
7499569,58,Bed Based Capacity,58,70,58,0,12,,,,,,100,
7499570,19,Bed Based Capacity,19,19,19,0,0,,,,,,100,
7499571,29,Bed Based Capacity,29,31,29,0,2,,,,,,100,
7499572,53,Bed Based Capacity,53,55,53,0,2,,,,,,100,
7499573,257,Room Based Capacity,,,,,,228,235,228,0,7,,100
7499574,282,Room Based Capacity,,,,,,246,263,246,0,17,,100
7499575,42,Bed Based Capacity,50,50,42,8,0,,,,,,84,
7499576,66,Bed Based Capacity,66,66,66,0,0,,,,,,100,
7499577,174,Bed Based Capacity,174,174,174,0,0,,,,,,100,
7499578,37,Bed Based Capacity,37,37,37,0,0,,,,,,100,
7499579,98,Bed Based Capacity,98,100,98,0,2,,,,,,100,
7499580,33,Bed Based Capacity,33,35,33,0,2,,,,,,100,
7499581,44,Bed Based Capacity,48,51,44,4,3,,,,,,91.67,
7499582,1,Bed Based Capacity,1,3,1,0,2,,,,,,100,
7499583,63,Bed Based Capacity,68,83,63,5,15,,,,,,92.65,
7499584,18,Bed Based Capacity,18,18,18,0,0,,,,,,100,
7499585,34,Room Based Capacity,,,,,,34,40,34,0,6,,100
7499586,15,Bed Based Capacity,15,15,15,0,0,,,,,,100,
7499587,27,Bed Based Capacity,27,27,27,0,0,,,,,,100,
7499588,42,Bed Based Capacity,44,44,42,2,0,,,,,,95.45,
7499589,12,Bed Based Capacity,17,17,12,5,0,,,,,,70.59,
7499590,7,Bed Based Capacity,9,9,7,2,0,,,,,,77.78,
7499591,9,Room Based Capacity,,,,,,14,14,9,5,0,,64.29
7499592,16,Bed Based Capacity,19,19,16,3,0,,,,,,84.21,
7499593,15,Bed Based Capacity,15,15,15,0,0,,,,,,100,
7499594,19,Bed Based Capacity,19,20,19,0,1,,,,,,100,
7499595,22,Bed Based Capacity,22,27,22,0,5,,,,,,100,
7499596,24,Bed Based Capacity,25,30,24,1,5,,,,,,96,
7499597,13,Bed Based Capacity,13,19,13,0,6,,,,,,100,
7499598,43,Bed Based Capacity,43,43,43,0,0,,,,,,100,
7499599,30,Room Based Capacity,,,,,,30,32,30,0,2,,100
7499600,26,Bed Based Capacity,26,28,26,0,2,,,,,,100,
7499601,47,Room Based Capacity,,,,,,33,34,33,0,1,,100
7499602,218,Room Based Capacity,,,,,,63,75,62,1,12,,98.41
7499603,67,Bed Based Capacity,67,67,67,0,0,,,,,,100,
7499604,61,Room Based Capacity,,,,,,23,28,21,2,5,,91.3
7499605,47,Bed Based Capacity,48,49,47,1,1,,,,,,97.92,
7499606,73,Room Based Capacity,,,,,,73,73,73,0,0,,100
7499607,50,Bed Based Capacity,50,54,50,0,4,,,,,,100,
7499608,126,Room Based Capacity,,,,,,126,131,126,0,5,,100
7499609,212,Bed Based Capacity,234,234,212,22,0,,,,,,90.6,
7499610,34,Bed Based Capacity,34,36,34,0,2,,,,,,100,
7499611,73,Room Based Capacity,,,,,,73,77,73,0,4,,100
7499612,34,Bed Based Capacity,34,39,34,0,5,,,,,,100,
7499613,27,Bed Based Capacity,27,30,27,0,3,,,,,,100,
7499614,40,Bed Based Capacity,40,40,40,0,0,,,,,,100,
7499615,10,Room Based Capacity,,,,,,3,3,3,0,0,,100
7499616,6,Bed Based Capacity,6,6,6,0,0,,,,,,100,
7499617,13,Bed Based Capacity,13,16,13,0,3,,,,,,100,
7499618,25,Bed Based Capacity,28,37,25,3,9,,,,,,89.29,
7499619,1,Bed Based Capacity,1,5,1,0,4,,,,,,100,
7499620,79,Room Based Capacity,,,,,,25,27,25,0,2,,100
7499621,17,Bed Based Capacity,19,19,17,2,0,,,,,,89.47,
7499622,28,Room Based Capacity,,,,,,28,28,28,0,0,,100
7499623,21,Bed Based Capacity,25,25,21,4,0,,,,,,84,
7499624,25,Bed Based Capacity,25,25,25,0,0,,,,,,100,
7499625,20,Bed Based Capacity,24,24,20,4,0,,,,,,83.33,
7499626,17,Bed Based Capacity,19,19,17,2,0,,,,,,89.47,
7499627,5,Bed Based Capacity,20,20,5,15,0,,,,,,25,
7499628,23,Bed Based Capacity,23,23,23,0,0,,,,,,100,
7499629,13,Bed Based Capacity,14,14,13,1,0,,,,,,92.86,
7499630,9,Bed Based Capacity,10,10,9,1,0,,,,,,90,
7499631,29,Bed Based Capacity,29,31,29,0,2,,,,,,100,
7499632,50,Room Based Capacity,,,,,,49,55,49,0,6,,100
7499633,20,Room Based Capacity,,,,,,10,15,10,0,5,,100
7499634,16,Room Based Capacity,,,,,,16,29,16,0,13,,100
7499635,8,Bed Based Capacity,8,8,8,0,0,,,,,,100,
7499636,265,Room Based Capacity,,,,,,96,113,95,1,17,,98.96
7499637,327,Room Based Capacity,,,,,,104,107,104,0,3,,100
7499638,13,Room Based Capacity,,,,,,13,13,13,0,0,,100
7499639,147,Room Based Capacity,,,,,,143,155,143,0,12,,100
7499640,39,Room Based Capacity,,,,,,39,40,39,0,1,,100
7499641,32,Bed Based Capacity,33,33,32,1,0,,,,,,96.97,
7499642,15,Bed Based Capacity,15,15,15,0,0,,,,,,100,
7499643,57,Room Based Capacity,,,,,,21,30,21,0,9,,100
7499644,214,Room Based Capacity,,,,,,63,65,63,0,2,,100
7499645,24,Room Based Capacity,,,,,,12,14,12,0,2,,100
7499646,76,Room Based Capacity,,,,,,76,77,76,0,1,,100
7499647,11,Bed Based Capacity,12,12,11,1,0,,,,,,91.67,
7499648,126,Room Based Capacity,,,,,,69,86,69,0,17,,100
7499649,100,Room Based Capacity,,,,,,100,100,100,0,0,,100
7499650,155,Room Based Capacity,,,,,,43,43,43,0,0,,100
7499651,2,Bed Based Capacity,2,20,2,0,18,,,,,,100,
7499652,115,Room Based Capacity,,,,,,40,63,40,0,23,,100
7499653,5,Room Based Capacity,,,,,,5,10,5,0,5,,100
7499654,43,Room Based Capacity,,,,,,19,20,19,0,1,,100
7499655,36,Bed Based Capacity,36,37,36,0,1,,,,,,100,
7499656,64,Room Based Capacity,,,,,,67,51,60,7,0,,89.55
7499657,24,Bed Based Capacity,24,24,24,0,0,,,,,,100,
7499658,90,Room Based Capacity,,,,,,35,37,35,0,2,,100
7499659,65,Room Based Capacity,,,,,,71,82,58,13,11,,81.69
7499660,1,Room Based Capacity,,,,,,8,30,1,7,22,,12.5
7499661,54,Room Based Capacity,,,,,,68,30,48,20,0,,70.59
7499662,43,Room Based Capacity,,,,,,22,23,22,0,1,,100
7499663,78,Bed Based Capacity,80,80,78,2,0,,,,,,97.5,
7499664,46,Bed Based Capacity,46,50,46,0,4,,,,,,100,
7499665,44,Bed Based Capacity,50,51,44,6,1,,,,,,88,
7499666,72,Bed Based Capacity,72,81,72,0,9,,,,,,100,
7499667,48,Bed Based Capacity,48,72,48,0,24,,,,,,100,
7499668,18,Bed Based Capacity,22,22,18,4,0,,,,,,81.82,
7499669,11,Bed Based Capacity,12,15,11,1,3,,,,,,91.67,
7499670,44,Bed Based Capacity,44,55,44,0,11,,,,,,100,
7499671,11,Bed Based Capacity,15,15,11,4,0,,,,,,73.33,
7499672,13,Bed Based Capacity,13,27,13,0,14,,,,,,100,
7499673,65,Room Based Capacity,,,,,,61,71,60,1,10,,98.36
7499674,4,Bed Based Capacity,4,4,4,0,0,,,,,,100,
7499675,73,Bed Based Capacity,73,74,73,0,1,,,,,,100,
7499676,21,Bed Based Capacity,21,21,21,0,0,,,,,,100,
7499677,1,Bed Based Capacity,2,2,1,1,0,,,,,,50,
7499678,40,Room Based Capacity,,,,,,40,42,40,0,2,,100
7499679,33,Bed Based Capacity,33,53,33,0,20,,,,,,100,
7499680,26,Bed Based Capacity,28,28,26,2,0,,,,,,92.86,
7499681,37,Bed Based Capacity,37,44,37,0,7,,,,,,100,
7499682,44,Bed Based Capacity,44,50,44,0,6,,,,,,100,
7499683,242,Room Based Capacity,,,,,,232,245,225,7,13,,96.98
7499684,41,Bed Based Capacity,41,41,41,0,0,,,,,,100,
7499685,87,Room Based Capacity,,,,,,90,92,87,3,2,,96.67
7499686,51,Room Based Capacity,,,,,,49,52,49,0,3,,100
7499687,22,Bed Based Capacity,22,22,22,0,0,,,,,,100,
7499688,40,Bed Based Capacity,50,50,40,10,0,,,,,,80,
7499689,16,Bed Based Capacity,16,16,16,0,0,,,,,,100,
7499690,40,Room Based Capacity,,,,,,41,41,40,1,0,,97.56
7499691,4,Bed Based Capacity,5,5,4,1,0,,,,,,80,
7499692,10,Bed Based Capacity,11,11,10,1,0,,,,,,90.91,
7499693,34,Bed Based Capacity,37,37,34,3,0,,,,,,91.89,
7499694,24,Bed Based Capacity,24,24,24,0,0,,,,,,100,
7499695,39,Bed Based Capacity,44,44,39,5,0,,,,,,88.64,
7499696,23,Bed Based Capacity,23,23,23,0,0,,,,,,100,
7499697,52,Bed Based Capacity,52,54,52,0,2,,,,,,100,
7499698,276,Room Based Capacity,,,,,,267,271,267,0,4,,100
7499699,43,Bed Based Capacity,45,45,43,2,0,,,,,,95.56,
7499700,4,Bed Based Capacity,5,5,4,1,0,,,,,,80,
7499701,27,Bed Based Capacity,28,28,27,1,0,,,,,,96.43,
7499702,23,Bed Based Capacity,25,25,23,2,0,,,,,,92,
7499703,25,Bed Based Capacity,25,25,25,0,0,,,,,,100,
7499704,5,Bed Based Capacity,5,5,5,0,0,,,,,,100,
7499705,46,Room Based Capacity,,,,,,46,47,46,0,1,,100
7499706,50,Bed Based Capacity,50,50,50,0,0,,,,,,100,
7499707,98,Room Based Capacity,,,,,,89,94,89,0,5,,100
7499708,58,Bed Based Capacity,58,70,58,0,12,,,,,,100,
7499709,19,Bed Based Capacity,19,19,19,0,0,,,,,,100,
7499710,29,Bed Based Capacity,29,31,29,0,2,,,,,,100,
7499711,53,Bed Based Capacity,53,55,53,0,2,,,,,,100,
7499712,258,Room Based Capacity,,,,,,229,235,229,0,6,,100
7499713,280,Room Based Capacity,,,,,,244,263,244,0,19,,100
7499714,50,Bed Based Capacity,50,50,50,0,0,,,,,,100,
7499715,66,Bed Based Capacity,66,66,66,0,0,,,,,,100,
7499716,174,Bed Based Capacity,174,174,174,0,0,,,,,,100,
7499717,37,Bed Based Capacity,37,37,37,0,0,,,,,,100,
7499718,98,Bed Based Capacity,98,100,98,0,2,,,,,,100,
7499719,33,Bed Based Capacity,33,35,33,0,2,,,,,,100,
7499720,48,Bed Based Capacity,48,51,48,0,3,,,,,,100,
7499721,1,Bed Based Capacity,1,3,1,0,2,,,,,,100,
7499722,63,Bed Based Capacity,68,83,63,5,15,,,,,,92.65,
7499723,18,Bed Based Capacity,18,18,18,0,0,,,,,,100,
7499724,34,Room Based Capacity,,,,,,34,40,34,0,6,,100
7499725,15,Bed Based Capacity,15,15,15,0,0,,,,,,100,
7499726,27,Bed Based Capacity,27,27,27,0,0,,,,,,100,
7499727,38,Bed Based Capacity,44,44,38,6,0,,,,,,86.36,
7499728,12,Bed Based Capacity,17,17,12,5,0,,,,,,70.59,
7499729,7,Bed Based Capacity,9,9,7,2,0,,,,,,77.78,
7499730,9,Room Based Capacity,,,,,,14,14,9,5,0,,64.29
7499731,17,Bed Based Capacity,19,19,17,2,0,,,,,,89.47,
7499732,15,Bed Based Capacity,15,15,15,0,0,,,,,,100,
7499733,19,Bed Based Capacity,19,20,19,0,1,,,,,,100,
7499734,22,Bed Based Capacity,22,27,22,0,5,,,,,,100,
7499735,24,Bed Based Capacity,25,30,24,1,5,,,,,,96,
7499736,14,Bed Based Capacity,14,19,14,0,5,,,,,,100,
7499737,43,Bed Based Capacity,43,43,43,0,0,,,,,,100,
7499738,30,Room Based Capacity,,,,,,30,32,30,0,2,,100
7499739,26,Bed Based Capacity,26,28,26,0,2,,,,,,100,
7499740,47,Room Based Capacity,,,,,,33,34,33,0,1,,100
7499741,218,Room Based Capacity,,,,,,63,75,62,1,12,,98.41
7499742,67,Bed Based Capacity,67,67,67,0,0,,,,,,100,
7499743,61,Room Based Capacity,,,,,,23,28,21,2,5,,91.3
7499744,47,Bed Based Capacity,47,49,47,0,2,,,,,,100,
7499745,73,Room Based Capacity,,,,,,73,73,73,0,0,,100
7499746,50,Bed Based Capacity,50,54,50,0,4,,,,,,100,
7499747,126,Room Based Capacity,,,,,,126,131,126,0,5,,100
7499748,211,Bed Based Capacity,234,234,211,23,0,,,,,,90.17,
7499749,34,Bed Based Capacity,34,36,34,0,2,,,,,,100,
7499750,72,Room Based Capacity,,,,,,72,77,72,0,5,,100
7499751,35,Bed Based Capacity,35,39,35,0,4,,,,,,100,
7499752,27,Bed Based Capacity,27,30,27,0,3,,,,,,100,
7499753,40,Bed Based Capacity,40,40,40,0,0,,,,,,100,
7499754,10,Room Based Capacity,,,,,,3,3,3,0,0,,100
7499755,6,Bed Based Capacity,6,6,6,0,0,,,,,,100,
7499756,13,Bed Based Capacity,13,16,13,0,3,,,,,,100,
7499757,25,Bed Based Capacity,28,37,25,3,9,,,,,,89.29,
7499758,1,Bed Based Capacity,1,5,1,0,4,,,,,,100,
7499759,79,Room Based Capacity,,,,,,25,27,25,0,2,,100
7499760,17,Bed Based Capacity,19,19,17,2,0,,,,,,89.47,
7499761,28,Room Based Capacity,,,,,,28,28,28,0,0,,100
7499762,21,Bed Based Capacity,25,25,21,4,0,,,,,,84,
7499763,24,Bed Based Capacity,25,25,24,1,0,,,,,,96,
7499764,20,Bed Based Capacity,24,24,20,4,0,,,,,,83.33,
7499765,17,Bed Based Capacity,19,19,17,2,0,,,,,,89.47,
7499766,5,Bed Based Capacity,20,20,5,15,0,,,,,,25,
7499767,23,Bed Based Capacity,23,23,23,0,0,,,,,,100,
7499768,13,Bed Based Capacity,14,14,13,1,0,,,,,,92.86,
7499769,9,Bed Based Capacity,10,10,9,1,0,,,,,,90,
7499770,29,Bed Based Capacity,29,31,29,0,2,,,,,,100,
7499771,51,Room Based Capacity,,,,,,50,55,50,0,5,,100
7499772,20,Room Based Capacity,,,,,,10,15,10,0,5,,100
7499773,14,Room Based Capacity,,,,,,14,29,14,0,15,,100
7499774,8,Bed Based Capacity,8,8,8,0,0,,,,,,100,
7499775,264,Room Based Capacity,,,,,,94,113,94,0,19,,100
7499776,332,Room Based Capacity,,,,,,105,107,105,0,2,,100
7499777,13,Room Based Capacity,,,,,,13,13,13,0,0,,100
7499778,147,Room Based Capacity,,,,,,143,155,143,0,12,,100
7499779,39,Room Based Capacity,,,,,,39,40,39,0,1,,100
7499780,31,Bed Based Capacity,31,33,31,0,2,,,,,,100,
7499781,13,Bed Based Capacity,14,15,13,1,1,,,,,,92.86,
7499782,57,Room Based Capacity,,,,,,21,30,21,0,9,,100
7499783,214,Room Based Capacity,,,,,,63,65,63,0,2,,100
7499784,24,Room Based Capacity,,,,,,12,14,12,0,2,,100
7499785,76,Room Based Capacity,,,,,,76,77,76,0,1,,100
7499786,11,Bed Based Capacity,12,12,11,1,0,,,,,,91.67,
7499787,127,Room Based Capacity,,,,,,69,86,69,0,17,,100
7499788,100,Room Based Capacity,,,,,,100,100,100,0,0,,100
7499789,155,Room Based Capacity,,,,,,43,43,43,0,0,,100
7499790,2,Bed Based Capacity,2,20,2,0,18,,,,,,100,
7499791,115,Room Based Capacity,,,,,,40,63,40,0,23,,100
7499792,5,Room Based Capacity,,,,,,5,10,5,0,5,,100
7499793,46,Room Based Capacity,,,,,,20,20,20,0,0,,100
7499794,36,Bed Based Capacity,36,37,36,0,1,,,,,,100,
7499795,64,Room Based Capacity,,,,,,67,51,60,7,0,,89.55
7499796,24,Bed Based Capacity,24,24,24,0,0,,,,,,100,
7499797,90,Room Based Capacity,,,,,,35,37,35,0,2,,100
7499798,65,Room Based Capacity,,,,,,71,82,58,13,11,,81.69
7499799,52,Room Based Capacity,,,,,,68,30,46,22,0,,67.65
7499800,43,Room Based Capacity,,,,,,22,23,22,0,1,,100
7499801,81,Bed Based Capacity,88,88,81,7,0,,,,,,92.05,
7499802,46,Bed Based Capacity,46,50,46,0,4,,,,,,100,
7499803,45,Bed Based Capacity,51,51,45,6,0,,,,,,88.24,
7499804,72,Bed Based Capacity,72,81,72,0,9,,,,,,100,
7499805,48,Bed Based Capacity,48,72,48,0,24,,,,,,100,
7499806,17,Bed Based Capacity,22,22,17,5,0,,,,,,77.27,
7499807,12,Bed Based Capacity,12,15,12,0,3,,,,,,100,
7499808,43,Bed Based Capacity,44,55,43,1,11,,,,,,97.73,
7499809,12,Bed Based Capacity,15,15,12,3,0,,,,,,80,
7499810,13,Bed Based Capacity,13,27,13,0,14,,,,,,100,
7499811,67,Room Based Capacity,,,,,,63,71,61,2,8,,96.83
7499812,6,Bed Based Capacity,9,9,6,3,0,,,,,,66.67,
7499813,72,Bed Based Capacity,72,74,72,0,2,,,,,,100,
7499814,21,Bed Based Capacity,21,21,21,0,0,,,,,,100,
7499815,1,Bed Based Capacity,2,2,1,1,0,,,,,,50,
7499816,40,Room Based Capacity,,,,,,40,42,40,0,2,,100
7499817,33,Bed Based Capacity,33,53,33,0,20,,,,,,100,
7499818,26,Bed Based Capacity,28,28,26,2,0,,,,,,92.86,
7499819,37,Bed Based Capacity,37,44,37,0,7,,,,,,100,
7499820,44,Bed Based Capacity,44,50,44,0,6,,,,,,100,
7499821,243,Room Based Capacity,,,,,,232,245,226,6,13,,97.41
7499822,41,Bed Based Capacity,41,41,41,0,0,,,,,,100,
7499823,87,Room Based Capacity,,,,,,90,92,87,3,2,,96.67
7499824,51,Room Based Capacity,,,,,,49,52,49,0,3,,100
7499825,22,Bed Based Capacity,22,22,22,0,0,,,,,,100,
7499826,40,Bed Based Capacity,50,50,40,10,0,,,,,,80,
7499827,16,Bed Based Capacity,16,16,16,0,0,,,,,,100,
7499828,40,Room Based Capacity,,,,,,40,41,40,0,1,,100
7499829,4,Bed Based Capacity,5,5,4,1,0,,,,,,80,
7499830,10,Bed Based Capacity,11,11,10,1,0,,,,,,90.91,
7499831,34,Bed Based Capacity,37,37,34,3,0,,,,,,91.89,
7499832,24,Bed Based Capacity,24,24,24,0,0,,,,,,100,
7499833,36,Bed Based Capacity,44,44,36,8,0,,,,,,81.82,
7499834,23,Bed Based Capacity,23,23,23,0,0,,,,,,100,
7499835,52,Bed Based Capacity,52,54,52,0,2,,,,,,100,
7499836,276,Room Based Capacity,,,,,,267,271,267,0,4,,100
7499837,43,Bed Based Capacity,43,45,43,0,2,,,,,,100,
7499838,4,Bed Based Capacity,5,5,4,1,0,,,,,,80,
7499839,27,Bed Based Capacity,28,28,27,1,0,,,,,,96.43,
7499840,22,Bed Based Capacity,25,25,22,3,0,,,,,,88,
7499841,25,Bed Based Capacity,25,25,25,0,0,,,,,,100,
7499842,5,Bed Based Capacity,5,5,5,0,0,,,,,,100,
7499843,46,Room Based Capacity,,,,,,46,47,46,0,1,,100
7499844,50,Bed Based Capacity,50,50,50,0,0,,,,,,100,
7499845,96,Room Based Capacity,,,,,,87,94,87,0,7,,100
7499846,57,Bed Based Capacity,58,70,57,1,12,,,,,,98.28,
7499847,19,Bed Based Capacity,19,19,19,0,0,,,,,,100,
7499848,29,Bed Based Capacity,29,31,29,0,2,,,,,,100,
7499849,54,Bed Based Capacity,54,55,54,0,1,,,,,,100,
7499850,12,Room Based Capacity,,,,,,12,100,12,0,88,,100
7499851,257,Room Based Capacity,,,,,,228,235,228,0,7,,100
7499852,282,Room Based Capacity,,,,,,246,263,246,0,17,,100
7499853,58,Bed Based Capacity,60,60,58,2,0,,,,,,96.67,
7499854,67,Bed Based Capacity,71,71,67,4,0,,,,,,94.37,
7499855,182,Bed Based Capacity,184,184,182,2,0,,,,,,98.91,
7499856,37,Bed Based Capacity,37,37,37,0,0,,,,,,100,
7499857,110,Bed Based Capacity,115,115,110,5,0,,,,,,95.65,
7499858,32,Bed Based Capacity,32,35,32,0,3,,,,,,100,
7499859,48,Bed Based Capacity,48,51,48,0,3,,,,,,100,
7499860,1,Bed Based Capacity,1,3,1,0,2,,,,,,100,
7499861,52,Bed Based Capacity,68,83,52,16,15,,,,,,76.47,
7499862,18,Bed Based Capacity,18,18,18,0,0,,,,,,100,
7499863,36,Room Based Capacity,,,,,,36,40,36,0,4,,100
7499864,15,Bed Based Capacity,15,15,15,0,0,,,,,,100,
7499865,27,Bed Based Capacity,27,27,27,0,0,,,,,,100,
7499866,43,Bed Based Capacity,44,44,43,1,0,,,,,,97.73,
7499867,12,Bed Based Capacity,17,17,12,5,0,,,,,,70.59,
7499868,7,Bed Based Capacity,9,9,7,2,0,,,,,,77.78,
7499869,9,Room Based Capacity,,,,,,14,14,9,5,0,,64.29
7499870,17,Bed Based Capacity,19,19,17,2,0,,,,,,89.47,
7499871,15,Bed Based Capacity,15,15,15,0,0,,,,,,100,
7499872,19,Bed Based Capacity,19,20,19,0,1,,,,,,100,
7499873,22,Bed Based Capacity,22,27,22,0,5,,,,,,100,
7499874,24,Bed Based Capacity,25,30,24,1,5,,,,,,96,
7499875,15,Bed Based Capacity,15,19,15,0,4,,,,,,100,
7499876,43,Bed Based Capacity,43,43,43,0,0,,,,,,100,
7499877,30,Room Based Capacity,,,,,,30,32,30,0,2,,100
7499878,24,Bed Based Capacity,24,28,24,0,4,,,,,,100,
7499879,47,Room Based Capacity,,,,,,33,34,33,0,1,,100
7499880,218,Room Based Capacity,,,,,,63,75,62,1,12,,98.41
7499881,67,Bed Based Capacity,67,67,67,0,0,,,,,,100,
7499882,61,Room Based Capacity,,,,,,23,28,21,2,5,,91.3
7499883,47,Bed Based Capacity,47,49,47,0,2,,,,,,100,
7499884,73,Room Based Capacity,,,,,,73,73,73,0,0,,100
7499885,50,Bed Based Capacity,50,54,50,0,4,,,,,,100,
7499886,126,Room Based Capacity,,,,,,126,131,126,0,5,,100
7499887,210,Bed Based Capacity,234,234,210,24,0,,,,,,89.74,
7499888,34,Bed Based Capacity,34,36,34,0,2,,,,,,100,
7499889,72,Room Based Capacity,,,,,,72,77,72,0,5,,100
7499890,35,Bed Based Capacity,35,39,35,0,4,,,,,,100,
7499891,27,Bed Based Capacity,27,30,27,0,3,,,,,,100,
7499892,40,Bed Based Capacity,40,40,40,0,0,,,,,,100,
7499893,10,Room Based Capacity,,,,,,3,3,3,0,0,,100
7499894,6,Bed Based Capacity,6,6,6,0,0,,,,,,100,
7499895,16,Bed Based Capacity,16,16,16,0,0,,,,,,100,
7499896,25,Bed Based Capacity,28,37,25,3,9,,,,,,89.29,
7499897,1,Bed Based Capacity,1,5,1,0,4,,,,,,100,
7499898,78,Room Based Capacity,,,,,,25,27,24,1,2,,96
7499899,16,Bed Based Capacity,19,19,16,3,0,,,,,,84.21,
7499900,28,Room Based Capacity,,,,,,28,28,28,0,0,,100
7499901,22,Bed Based Capacity,25,25,22,3,0,,,,,,88,
7499902,24,Bed Based Capacity,25,25,24,1,0,,,,,,96,
7499903,20,Bed Based Capacity,24,24,20,4,0,,,,,,83.33,
7499904,17,Bed Based Capacity,19,19,17,2,0,,,,,,89.47,
7499905,5,Bed Based Capacity,20,20,5,15,0,,,,,,25,
7499906,22,Bed Based Capacity,23,23,22,1,0,,,,,,95.65,
7499907,13,Bed Based Capacity,14,14,13,1,0,,,,,,92.86,
7499908,9,Bed Based Capacity,10,10,9,1,0,,,,,,90,
7499909,29,Bed Based Capacity,29,31,29,0,2,,,,,,100,
7499910,51,Room Based Capacity,,,,,,50,55,50,0,5,,100
7499911,20,Room Based Capacity,,,,,,10,15,10,0,5,,100
7499912,14,Room Based Capacity,,,,,,14,29,14,0,15,,100
7499913,8,Bed Based Capacity,8,8,8,0,0,,,,,,100,
7499914,268,Room Based Capacity,,,,,,96,113,96,0,17,,100
7499915,334,Room Based Capacity,,,,,,106,107,106,0,1,,100
7499916,13,Room Based Capacity,,,,,,13,13,13,0,0,,100
7499917,147,Room Based Capacity,,,,,,143,155,143,0,12,,100
7499918,39,Room Based Capacity,,,,,,39,40,39,0,1,,100
7499919,31,Bed Based Capacity,31,33,31,0,2,,,,,,100,
7499920,14,Bed Based Capacity,14,15,14,0,1,,,,,,100,
7499921,57,Room Based Capacity,,,,,,21,30,21,0,9,,100
7499922,212,Room Based Capacity,,,,,,62,65,62,0,3,,100
7499923,26,Room Based Capacity,,,,,,13,14,13,0,1,,100
7499924,76,Room Based Capacity,,,,,,76,77,76,0,1,,100
7499925,11,Bed Based Capacity,12,12,11,1,0,,,,,,91.67,
7499926,126,Room Based Capacity,,,,,,69,86,69,0,17,,100
7499927,99,Room Based Capacity,,,,,,99,100,99,0,1,,100
7499928,155,Room Based Capacity,,,,,,43,43,43,0,0,,100
7499929,2,Bed Based Capacity,2,20,2,0,18,,,,,,100,
7499930,114,Room Based Capacity,,,,,,40,63,40,0,23,,100
7499931,5,Room Based Capacity,,,,,,5,10,5,0,5,,100
7499932,46,Room Based Capacity,,,,,,20,20,20,0,0,,100
7499933,5,Bed Based Capacity,5,15,5,0,10,,,,,,100,
7499934,36,Bed Based Capacity,36,37,36,0,1,,,,,,100,
7499935,64,Room Based Capacity,,,,,,67,51,60,7,0,,89.55
7499936,24,Bed Based Capacity,24,24,24,0,0,,,,,,100,
7499937,90,Room Based Capacity,,,,,,35,37,35,0,2,,100
7499938,65,Room Based Capacity,,,,,,71,82,58,13,11,,81.69
7499939,50,Room Based Capacity,,,,,,68,30,44,24,0,,64.71
7499940,43,Room Based Capacity,,,,,,22,23,22,0,1,,100
7499941,82,Bed Based Capacity,88,88,82,6,0,,,,,,93.18,
7499942,45,Bed Based Capacity,45,50,45,0,5,,,,,,100,
7499943,45,Bed Based Capacity,51,51,45,6,0,,,,,,88.24,
7499944,68,Bed Based Capacity,72,81,68,4,9,,,,,,94.44,
7499945,48,Bed Based Capacity,48,72,48,0,24,,,,,,100,
7499946,17,Bed Based Capacity,22,22,17,5,0,,,,,,77.27,
7499947,13,Bed Based Capacity,14,15,13,1,1,,,,,,92.86,
7499948,43,Bed Based Capacity,44,55,43,1,11,,,,,,97.73,
7499949,14,Bed Based Capacity,15,15,14,1,0,,,,,,93.33,
7499950,13,Bed Based Capacity,13,27,13,0,14,,,,,,100,
7499951,69,Room Based Capacity,,,,,,64,71,63,1,7,,98.44
7499952,9,Bed Based Capacity,9,9,9,0,0,,,,,,100,
7499953,72,Bed Based Capacity,72,74,72,0,2,,,,,,100,
7499954,21,Bed Based Capacity,21,21,21,0,0,,,,,,100,
7499955,1,Bed Based Capacity,2,2,1,1,0,,,,,,50,
7499956,41,Room Based Capacity,,,,,,41,42,41,0,1,,100
7499957,33,Bed Based Capacity,33,53,33,0,20,,,,,,100,
7499958,26,Bed Based Capacity,28,28,26,2,0,,,,,,92.86,
7499959,37,Bed Based Capacity,37,44,37,0,7,,,,,,100,
7499960,42,Bed Based Capacity,42,50,42,0,8,,,,,,100,
7499961,243,Room Based Capacity,,,,,,232,245,226,6,13,,97.41
7499962,41,Bed Based Capacity,41,41,41,0,0,,,,,,100,
7499963,87,Room Based Capacity,,,,,,90,92,87,3,2,,96.67
7499964,53,Room Based Capacity,,,,,,51,52,51,0,1,,100
7499965,22,Bed Based Capacity,22,22,22,0,0,,,,,,100,
7499966,40,Bed Based Capacity,50,50,40,10,0,,,,,,80,
7499967,15,Bed Based Capacity,16,16,15,1,0,,,,,,93.75,
7499968,39,Room Based Capacity,,,,,,39,41,39,0,2,,100
7499969,4,Bed Based Capacity,5,5,4,1,0,,,,,,80,
7499970,9,Bed Based Capacity,11,11,9,2,0,,,,,,81.82,
7499971,34,Bed Based Capacity,37,37,34,3,0,,,,,,91.89,
7499972,24,Bed Based Capacity,24,24,24,0,0,,,,,,100,
7499973,34,Bed Based Capacity,44,44,34,10,0,,,,,,77.27,
7499974,23,Bed Based Capacity,23,23,23,0,0,,,,,,100,
7499975,52,Bed Based Capacity,52,54,52,0,2,,,,,,100,
7499976,276,Room Based Capacity,,,,,,267,271,267,0,4,,100
7499977,43,Bed Based Capacity,43,45,43,0,2,,,,,,100,
7499978,4,Bed Based Capacity,5,5,4,1,0,,,,,,80,
7499979,27,Bed Based Capacity,28,28,27,1,0,,,,,,96.43,
7499980,22,Bed Based Capacity,25,25,22,3,0,,,,,,88,
7499981,24,Bed Based Capacity,25,25,24,1,0,,,,,,96,
7499982,5,Bed Based Capacity,5,5,5,0,0,,,,,,100,
7499983,46,Room Based Capacity,,,,,,46,47,46,0,1,,100
7499984,50,Bed Based Capacity,50,50,50,0,0,,,,,,100,
7499985,98,Room Based Capacity,,,,,,89,94,89,0,5,,100
7499986,58,Bed Based Capacity,58,70,58,0,12,,,,,,100,
7499987,18,Bed Based Capacity,19,19,18,1,0,,,,,,94.74,
7499988,29,Bed Based Capacity,29,31,29,0,2,,,,,,100,
7499989,54,Bed Based Capacity,54,55,54,0,1,,,,,,100,
7499990,13,Room Based Capacity,,,,,,13,100,13,0,87,,100
7499991,255,Room Based Capacity,,,,,,227,235,227,0,8,,100
7499992,283,Room Based Capacity,,,,,,247,263,247,0,16,,100
7499993,59,Bed Based Capacity,60,60,59,1,0,,,,,,98.33,
7499994,71,Bed Based Capacity,71,71,71,0,0,,,,,,100,
7499995,183,Bed Based Capacity,184,184,183,1,0,,,,,,99.46,
7499996,36,Bed Based Capacity,37,37,36,1,0,,,,,,97.3,
7499997,115,Bed Based Capacity,115,115,115,0,0,,,,,,100,
7499998,33,Bed Based Capacity,33,35,33,0,2,,,,,,100,
7499999,47,Bed Based Capacity,47,51,47,0,4,,,,,,100,
7500000,1,Bed Based Capacity,1,3,1,0,2,,,,,,100,
7500001,52,Bed Based Capacity,68,83,52,16,15,,,,,,76.47,
7500002,17,Bed Based Capacity,18,18,17,1,0,,,,,,94.44,
7500003,36,Room Based Capacity,,,,,,36,40,36,0,4,,100
7500004,15,Bed Based Capacity,15,15,15,0,0,,,,,,100,
7500005,27,Bed Based Capacity,27,27,27,0,0,,,,,,100,
7500006,43,Bed Based Capacity,44,44,43,1,0,,,,,,97.73,
7500007,12,Bed Based Capacity,17,17,12,5,0,,,,,,70.59,
7500008,7,Bed Based Capacity,9,9,7,2,0,,,,,,77.78,
7500009,9,Room Based Capacity,,,,,,14,14,9,5,0,,64.29
7500010,17,Bed Based Capacity,19,19,17,2,0,,,,,,89.47,
7500011,15,Bed Based Capacity,15,15,15,0,0,,,,,,100,
7500012,19,Bed Based Capacity,19,20,19,0,1,,,,,,100,
7500013,22,Bed Based Capacity,22,27,22,0,5,,,,,,100,
7500014,24,Bed Based Capacity,25,30,24,1,5,,,,,,96,
7500015,18,Bed Based Capacity,19,19,18,1,0,,,,,,94.74,
7500016,43,Bed Based Capacity,43,43,43,0,0,,,,,,100,
7500017,30,Room Based Capacity,,,,,,30,32,30,0,2,,100
7500018,24,Bed Based Capacity,24,28,24,0,4,,,,,,100,
7500019,47,Room Based Capacity,,,,,,33,34,33,0,1,,100
7500020,222,Room Based Capacity,,,,,,64,75,64,0,11,,100
7500021,67,Bed Based Capacity,67,67,67,0,0,,,,,,100,
7500022,61,Room Based Capacity,,,,,,23,28,21,2,5,,91.3
7500023,47,Bed Based Capacity,47,49,47,0,2,,,,,,100,
7500024,73,Room Based Capacity,,,,,,73,73,73,0,0,,100
7500025,50,Bed Based Capacity,50,54,50,0,4,,,,,,100,
7500026,128,Room Based Capacity,,,,,,128,131,128,0,3,,100
7500027,212,Bed Based Capacity,218,234,212,6,16,,,,,,97.25,
7500028,34,Bed Based Capacity,34,36,34,0,2,,,,,,100,
7500029,72,Room Based Capacity,,,,,,72,77,72,0,5,,100
7500030,36,Bed Based Capacity,36,39,36,0,3,,,,,,100,
7500031,27,Bed Based Capacity,27,30,27,0,3,,,,,,100,
7500032,40,Bed Based Capacity,40,40,40,0,0,,,,,,100,
7500033,10,Room Based Capacity,,,,,,3,3,3,0,0,,100
7500034,6,Bed Based Capacity,6,6,6,0,0,,,,,,100,
7500035,16,Bed Based Capacity,16,16,16,0,0,,,,,,100,
7500036,25,Bed Based Capacity,28,37,25,3,9,,,,,,89.29,
7500037,1,Bed Based Capacity,1,5,1,0,4,,,,,,100,
7500038,78,Room Based Capacity,,,,,,24,27,24,0,3,,100
7500039,16,Bed Based Capacity,19,19,16,3,0,,,,,,84.21,
7500040,28,Room Based Capacity,,,,,,28,28,28,0,0,,100
7500041,22,Bed Based Capacity,25,25,22,3,0,,,,,,88,
7500042,24,Bed Based Capacity,25,25,24,1,0,,,,,,96,
7500043,20,Bed Based Capacity,24,24,20,4,0,,,,,,83.33,
7500044,18,Bed Based Capacity,19,19,18,1,0,,,,,,94.74,
7500045,5,Bed Based Capacity,20,20,5,15,0,,,,,,25,
7500046,22,Bed Based Capacity,23,23,22,1,0,,,,,,95.65,
7500047,13,Bed Based Capacity,14,14,13,1,0,,,,,,92.86,
7500048,9,Bed Based Capacity,10,10,9,1,0,,,,,,90,
7500049,29,Bed Based Capacity,29,31,29,0,2,,,,,,100,
7500050,50,Room Based Capacity,,,,,,50,55,49,1,5,,98
7500051,20,Room Based Capacity,,,,,,10,15,10,0,5,,100
7500052,14,Room Based Capacity,,,,,,14,29,14,0,15,,100
7500053,8,Bed Based Capacity,8,8,8,0,0,,,,,,100,
7500054,266,Room Based Capacity,,,,,,95,113,95,0,18,,100
7500055,350,Room Based Capacity,,,,,,110,107,109,1,0,,99.09
7500056,13,Room Based Capacity,,,,,,13,13,13,0,0,,100
7500057,147,Room Based Capacity,,,,,,143,155,143,0,12,,100
7500058,39,Room Based Capacity,,,,,,39,40,39,0,1,,100
7500059,28,Bed Based Capacity,31,33,28,3,2,,,,,,90.32,
7500060,14,Bed Based Capacity,14,15,14,0,1,,,,,,100,
7500061,57,Room Based Capacity,,,,,,21,30,21,0,9,,100
7500062,214,Room Based Capacity,,,,,,63,65,63,0,2,,100
7500063,26,Room Based Capacity,,,,,,13,14,13,0,1,,100
7500064,76,Room Based Capacity,,,,,,76,77,76,0,1,,100
7500065,11,Bed Based Capacity,12,12,11,1,0,,,,,,91.67,
7500066,124,Room Based Capacity,,,,,,70,86,70,0,16,,100
7500067,98,Room Based Capacity,,,,,,98,100,98,0,2,,100
7500068,155,Room Based Capacity,,,,,,43,43,43,0,0,,100
7500069,2,Bed Based Capacity,2,20,2,0,18,,,,,,100,
7500070,115,Room Based Capacity,,,,,,40,40,40,0,0,,100
7500071,5,Room Based Capacity,,,,,,5,10,5,0,5,,100
7500072,46,Room Based Capacity,,,,,,20,20,20,0,0,,100
7500073,35,Bed Based Capacity,36,37,35,1,1,,,,,,97.22,
7500074,63,Room Based Capacity,,,,,,67,51,59,8,0,,88.06
7500075,24,Bed Based Capacity,24,24,24,0,0,,,,,,100,
7500076,90,Room Based Capacity,,,,,,35,37,35,0,2,,100
7500077,62,Room Based Capacity,,,,,,71,82,55,16,11,,77.46
7500078,52,Room Based Capacity,,,,,,68,30,49,19,0,,72.06
7500079,44,Room Based Capacity,,,,,,23,23,23,0,0,,100
7500080,83,Bed Based Capacity,88,88,83,5,0,,,,,,94.32,
7500081,45,Bed Based Capacity,45,50,45,0,5,,,,,,100,
7500082,45,Bed Based Capacity,51,51,45,6,0,,,,,,88.24,
7500083,70,Bed Based Capacity,72,81,70,2,9,,,,,,97.22,
7500084,45,Bed Based Capacity,45,72,45,0,27,,,,,,100,
7500085,17,Bed Based Capacity,22,22,17,5,0,,,,,,77.27,
7500086,18,Bed Based Capacity,20,20,18,2,0,,,,,,90,
7500087,46,Bed Based Capacity,47,55,46,1,8,,,,,,97.87,
7500088,10,Bed Based Capacity,15,15,10,5,0,,,,,,66.67,
7500089,13,Bed Based Capacity,13,27,13,0,14,,,,,,100,
7500090,70,Room Based Capacity,,,,,,64,71,64,0,7,,100
7500091,4,Bed Based Capacity,4,9,4,0,5,,,,,,100,
7500092,72,Bed Based Capacity,72,74,72,0,2,,,,,,100,
7500093,21,Bed Based Capacity,21,21,21,0,0,,,,,,100,
7500094,1,Bed Based Capacity,2,2,1,1,0,,,,,,50,
7500095,39,Room Based Capacity,,,,,,39,42,39,0,3,,100
7500096,33,Bed Based Capacity,33,53,33,0,20,,,,,,100,
7500097,26,Bed Based Capacity,28,28,26,2,0,,,,,,92.86,
7500098,37,Bed Based Capacity,37,44,37,0,7,,,,,,100,
7500099,42,Bed Based Capacity,42,50,42,0,8,,,,,,100,
7500100,242,Room Based Capacity,,,,,,232,245,225,7,13,,96.98
7500101,41,Bed Based Capacity,41,41,41,0,0,,,,,,100,
7500102,87,Room Based Capacity,,,,,,87,92,87,0,5,,100
7500103,53,Room Based Capacity,,,,,,51,52,51,0,1,,100
7500104,22,Bed Based Capacity,22,22,22,0,0,,,,,,100,
7500105,39,Bed Based Capacity,50,50,39,11,0,,,,,,78,
7500106,15,Bed Based Capacity,16,16,15,1,0,,,,,,93.75,
7500107,41,Room Based Capacity,,,,,,41,41,41,0,0,,100
7500108,4,Bed Based Capacity,5,5,4,1,0,,,,,,80,
7500109,9,Bed Based Capacity,11,11,9,2,0,,,,,,81.82,
7500110,34,Bed Based Capacity,37,37,34,3,0,,,,,,91.89,
7500111,24,Bed Based Capacity,24,24,24,0,0,,,,,,100,
7500112,34,Bed Based Capacity,44,44,34,10,0,,,,,,77.27,
7500113,23,Bed Based Capacity,23,23,23,0,0,,,,,,100,
7500114,52,Bed Based Capacity,52,54,52,0,2,,,,,,100,
7500115,273,Room Based Capacity,,,,,,264,271,264,0,7,,100
7500116,43,Bed Based Capacity,43,45,43,0,2,,,,,,100,
7500117,4,Bed Based Capacity,5,5,4,1,0,,,,,,80,
7500118,27,Bed Based Capacity,28,28,27,1,0,,,,,,96.43,
7500119,22,Bed Based Capacity,25,25,22,3,0,,,,,,88,
7500120,25,Bed Based Capacity,25,25,25,0,0,,,,,,100,
7500121,5,Bed Based Capacity,5,5,5,0,0,,,,,,100,
7500122,46,Room Based Capacity,,,,,,46,47,46,0,1,,100
7500123,49,Bed Based Capacity,49,50,49,0,1,,,,,,100,
7500124,99,Room Based Capacity,,,,,,90,94,90,0,4,,100
7500125,52,Bed Based Capacity,54,70,52,2,16,,,,,,96.3,
7500126,19,Bed Based Capacity,19,19,19,0,0,,,,,,100,
7500127,30,Bed Based Capacity,30,31,30,0,1,,,,,,100,
7500128,54,Bed Based Capacity,54,55,54,0,1,,,,,,100,
7500129,24,Room Based Capacity,,,,,,24,100,24,0,76,,100
7500130,255,Room Based Capacity,,,,,,227,235,227,0,8,,100
7500131,287,Room Based Capacity,,,,,,250,263,249,1,13,,99.6
7500132,60,Bed Based Capacity,60,60,60,0,0,,,,,,100,
7500133,71,Bed Based Capacity,71,71,71,0,0,,,,,,100,
7500134,184,Bed Based Capacity,184,184,184,0,0,,,,,,100,
7500135,37,Bed Based Capacity,37,37,37,0,0,,,,,,100,
7500136,114,Bed Based Capacity,115,115,114,1,0,,,,,,99.13,
7500137,33,Bed Based Capacity,33,35,33,0,2,,,,,,100,
7500138,47,Bed Based Capacity,47,51,47,0,4,,,,,,100,
7500139,1,Bed Based Capacity,1,3,1,0,2,,,,,,100,
7500140,43,Bed Based Capacity,68,83,43,25,15,,,,,,63.24,
7500141,17,Bed Based Capacity,18,18,17,1,0,,,,,,94.44,
7500142,36,Room Based Capacity,,,,,,36,40,36,0,4,,100
7500143,14,Bed Based Capacity,14,15,14,0,1,,,,,,100,
7500144,27,Bed Based Capacity,27,27,27,0,0,,,,,,100,
7500145,43,Bed Based Capacity,44,44,43,1,0,,,,,,97.73,
7500146,12,Bed Based Capacity,17,17,12,5,0,,,,,,70.59,
7500147,7,Bed Based Capacity,9,9,7,2,0,,,,,,77.78,
7500148,9,Room Based Capacity,,,,,,14,14,9,5,0,,64.29
7500149,17,Bed Based Capacity,19,19,17,2,0,,,,,,89.47,
7500150,15,Bed Based Capacity,15,15,15,0,0,,,,,,100,
7500151,19,Bed Based Capacity,19,20,19,0,1,,,,,,100,
7500152,22,Bed Based Capacity,22,27,22,0,5,,,,,,100,
7500153,24,Bed Based Capacity,25,30,24,1,5,,,,,,96,
7500154,19,Bed Based Capacity,19,19,19,0,0,,,,,,100,
7500155,41,Bed Based Capacity,41,43,41,0,2,,,,,,100,
7500156,30,Room Based Capacity,,,,,,30,32,30,0,2,,100
7500157,24,Bed Based Capacity,24,28,24,0,4,,,,,,100,
7500158,47,Room Based Capacity,,,,,,33,34,33,0,1,,100
7500159,222,Room Based Capacity,,,,,,64,75,64,0,11,,100
7500160,66,Bed Based Capacity,67,67,66,1,0,,,,,,98.51,
7500161,61,Room Based Capacity,,,,,,23,28,21,2,5,,91.3
7500162,47,Bed Based Capacity,47,49,47,0,2,,,,,,100,
7500163,73,Room Based Capacity,,,,,,73,73,73,0,0,,100
7500164,50,Bed Based Capacity,50,54,50,0,4,,,,,,100,
7500165,127,Room Based Capacity,,,,,,127,131,127,0,4,,100
7500166,217,Bed Based Capacity,218,234,217,1,16,,,,,,99.54,
7500167,33,Bed Based Capacity,33,36,33,0,3,,,,,,100,
7500168,72,Room Based Capacity,,,,,,72,77,72,0,5,,100
7500169,36,Bed Based Capacity,36,39,36,0,3,,,,,,100,
7500170,27,Bed Based Capacity,27,30,27,0,3,,,,,,100,
7500171,40,Bed Based Capacity,40,40,40,0,0,,,,,,100,
7500172,10,Room Based Capacity,,,,,,3,3,3,0,0,,100
7500173,6,Bed Based Capacity,6,6,6,0,0,,,,,,100,
7500174,16,Bed Based Capacity,16,16,16,0,0,,,,,,100,
7500175,23,Bed Based Capacity,28,37,23,5,9,,,,,,82.14,
7500176,1,Bed Based Capacity,1,5,1,0,4,,,,,,100,
7500177,78,Room Based Capacity,,,,,,24,27,24,0,3,,100
7500178,16,Bed Based Capacity,19,19,16,3,0,,,,,,84.21,
7500179,28,Room Based Capacity,,,,,,28,28,28,0,0,,100
7500180,23,Bed Based Capacity,25,25,23,2,0,,,,,,92,
7500181,24,Bed Based Capacity,25,25,24,1,0,,,,,,96,
7500182,20,Bed Based Capacity,24,24,20,4,0,,,,,,83.33,
7500183,17,Bed Based Capacity,19,19,17,2,0,,,,,,89.47,
7500184,6,Bed Based Capacity,20,20,6,14,0,,,,,,30,
7500185,22,Bed Based Capacity,23,23,22,1,0,,,,,,95.65,
7500186,13,Bed Based Capacity,14,14,13,1,0,,,,,,92.86,
7500187,9,Bed Based Capacity,10,10,9,1,0,,,,,,90,
7500188,29,Bed Based Capacity,29,31,29,0,2,,,,,,100,
7500189,50,Room Based Capacity,,,,,,49,55,49,0,6,,100
7500190,20,Room Based Capacity,,,,,,10,15,10,0,5,,100
7500191,14,Room Based Capacity,,,,,,14,29,14,0,15,,100
7500192,8,Bed Based Capacity,8,8,8,0,0,,,,,,100,
7500193,266,Room Based Capacity,,,,,,95,113,95,0,18,,100
7500194,361,Room Based Capacity,,,,,,113,107,113,0,0,,100
7500195,13,Room Based Capacity,,,,,,13,13,13,0,0,,100
7500196,147,Room Based Capacity,,,,,,143,155,143,0,12,,100
7500197,39,Room Based Capacity,,,,,,39,40,39,0,1,,100
7500198,27,Bed Based Capacity,31,33,27,4,2,,,,,,87.1,
7500199,14,Bed Based Capacity,14,15,14,0,1,,,,,,100,
7500200,57,Room Based Capacity,,,,,,21,30,21,0,9,,100
7500201,214,Room Based Capacity,,,,,,63,65,63,0,2,,100
7500202,26,Room Based Capacity,,,,,,13,14,13,0,1,,100
7500203,76,Room Based Capacity,,,,,,76,77,76,0,1,,100
7500204,10,Bed Based Capacity,12,12,10,2,0,,,,,,83.33,
7500205,124,Room Based Capacity,,,,,,69,86,69,0,17,,100
7500206,98,Room Based Capacity,,,,,,98,100,98,0,2,,100
7500207,155,Room Based Capacity,,,,,,43,43,43,0,0,,100
7500208,2,Bed Based Capacity,2,20,2,0,18,,,,,,100,
7500209,115,Room Based Capacity,,,,,,40,40,40,0,0,,100
7500210,5,Room Based Capacity,,,,,,5,10,5,0,5,,100
7500211,46,Room Based Capacity,,,,,,20,20,20,0,0,,100
7500212,34,Bed Based Capacity,36,37,34,2,1,,,,,,94.44,
7500213,64,Room Based Capacity,,,,,,67,51,60,7,0,,89.55
7500214,24,Bed Based Capacity,24,24,24,0,0,,,,,,100,
7500215,91,Room Based Capacity,,,,,,35,37,35,0,2,,100
7500216,62,Room Based Capacity,,,,,,71,82,55,16,11,,77.46
7500217,57,Room Based Capacity,,,,,,65,30,54,11,0,,83.08
7500218,44,Room Based Capacity,,,,,,23,23,23,0,0,,100
7500219,83,Bed Based Capacity,88,88,83,5,0,,,,,,94.32,
7500220,48,Bed Based Capacity,48,50,48,0,2,,,,,,100,
7500221,45,Bed Based Capacity,51,51,45,6,0,,,,,,88.24,
7500222,70,Bed Based Capacity,72,81,70,2,9,,,,,,97.22,
7500223,45,Bed Based Capacity,45,72,45,0,27,,,,,,100,
7500224,16,Bed Based Capacity,22,22,16,6,0,,,,,,72.73,
7500225,19,Bed Based Capacity,20,20,19,1,0,,,,,,95,
7500226,46,Bed Based Capacity,47,55,46,1,8,,,,,,97.87,
7500227,6,Bed Based Capacity,15,15,6,9,0,,,,,,40,
7500228,13,Bed Based Capacity,13,27,13,0,14,,,,,,100,
7500229,70,Room Based Capacity,,,,,,64,71,64,0,7,,100
7500230,4,Bed Based Capacity,4,9,4,0,5,,,,,,100,
7500231,71,Bed Based Capacity,72,74,71,1,2,,,,,,98.61,
7500232,21,Bed Based Capacity,21,21,21,0,0,,,,,,100,
7500233,1,Bed Based Capacity,2,2,1,1,0,,,,,,50,
7500234,40,Room Based Capacity,,,,,,41,42,40,1,1,,97.56
7500235,33,Bed Based Capacity,33,53,33,0,20,,,,,,100,
7500236,26,Bed Based Capacity,28,28,26,2,0,,,,,,92.86,
7500237,37,Bed Based Capacity,37,44,37,0,7,,,,,,100,
7500238,40,Bed Based Capacity,40,50,40,0,10,,,,,,100,
7500239,241,Room Based Capacity,,,,,,233,245,224,9,12,,96.14
7500240,41,Bed Based Capacity,41,41,41,0,0,,,,,,100,
7500241,87,Room Based Capacity,,,,,,87,92,87,0,5,,100
7500242,53,Room Based Capacity,,,,,,51,52,51,0,1,,100
7500243,22,Bed Based Capacity,22,22,22,0,0,,,,,,100,
7500244,40,Bed Based Capacity,50,50,40,10,0,,,,,,80,
7500245,15,Bed Based Capacity,16,16,15,1,0,,,,,,93.75,
7500246,39,Room Based Capacity,,,,,,40,41,39,1,1,,97.5
7500247,4,Bed Based Capacity,5,5,4,1,0,,,,,,80,
7500248,9,Bed Based Capacity,11,11,9,2,0,,,,,,81.82,
7500249,33,Bed Based Capacity,37,37,33,4,0,,,,,,89.19,
7500250,24,Bed Based Capacity,24,24,24,0,0,,,,,,100,
7500251,33,Bed Based Capacity,44,44,33,11,0,,,,,,75,
7500252,23,Bed Based Capacity,23,23,23,0,0,,,,,,100,
7500253,52,Bed Based Capacity,52,54,52,0,2,,,,,,100,
7500254,276,Room Based Capacity,,,,,,268,271,267,1,3,,99.63
7500255,41,Bed Based Capacity,43,45,41,2,2,,,,,,95.35,
7500256,4,Bed Based Capacity,5,5,4,1,0,,,,,,80,
7500257,27,Bed Based Capacity,28,28,27,1,0,,,,,,96.43,
7500258,19,Bed Based Capacity,25,25,19,6,0,,,,,,76,
7500259,25,Bed Based Capacity,25,25,25,0,0,,,,,,100,
7500260,5,Bed Based Capacity,5,5,5,0,0,,,,,,100,
7500261,46,Room Based Capacity,,,,,,46,47,46,0,1,,100
7500262,48,Bed Based Capacity,48,50,48,0,2,,,,,,100,
7500263,99,Room Based Capacity,,,,,,90,94,90,0,4,,100
7500264,54,Bed Based Capacity,54,70,54,0,16,,,,,,100,
7500265,19,Bed Based Capacity,19,19,19,0,0,,,,,,100,
7500266,29,Bed Based Capacity,29,31,29,0,2,,,,,,100,
7500267,53,Bed Based Capacity,54,55,53,1,1,,,,,,98.15,
7500268,24,Room Based Capacity,,,,,,24,100,24,0,76,,100
7500269,255,Room Based Capacity,,,,,,227,235,227,0,8,,100
7500270,289,Room Based Capacity,,,,,,251,263,251,0,12,,100
7500271,58,Bed Based Capacity,60,60,58,2,0,,,,,,96.67,
7500272,68,Bed Based Capacity,71,71,68,3,0,,,,,,95.77,
7500273,184,Bed Based Capacity,184,184,184,0,0,,,,,,100,
7500274,37,Bed Based Capacity,37,37,37,0,0,,,,,,100,
7500275,114,Bed Based Capacity,114,115,114,0,1,,,,,,100,
7500276,33,Bed Based Capacity,33,35,33,0,2,,,,,,100,
7500277,46,Bed Based Capacity,46,51,46,0,5,,,,,,100,
7500278,1,Bed Based Capacity,1,3,1,0,2,,,,,,100,
7500279,45,Bed Based Capacity,45,83,45,0,38,,,,,,100,
7500280,16,Bed Based Capacity,18,18,16,2,0,,,,,,88.89,
7500281,36,Room Based Capacity,,,,,,36,40,36,0,4,,100
7500282,15,Bed Based Capacity,15,15,15,0,0,,,,,,100,
7500283,27,Bed Based Capacity,27,27,27,0,0,,,,,,100,
7500284,43,Bed Based Capacity,44,44,43,1,0,,,,,,97.73,
7500285,12,Bed Based Capacity,17,17,12,5,0,,,,,,70.59,
7500286,7,Bed Based Capacity,9,9,7,2,0,,,,,,77.78,
7500287,9,Room Based Capacity,,,,,,14,14,9,5,0,,64.29
7500288,17,Bed Based Capacity,19,19,17,2,0,,,,,,89.47,
7500289,15,Bed Based Capacity,15,15,15,0,0,,,,,,100,
7500290,18,Bed Based Capacity,18,20,18,0,2,,,,,,100,
7500291,22,Bed Based Capacity,22,27,22,0,5,,,,,,100,
7500292,24,Bed Based Capacity,25,30,24,1,5,,,,,,96,
7500293,19,Bed Based Capacity,19,19,19,0,0,,,,,,100,
7500294,41,Bed Based Capacity,41,43,41,0,2,,,,,,100,
7500295,30,Room Based Capacity,,,,,,30,32,30,0,2,,100
7500296,23,Bed Based Capacity,23,28,23,0,5,,,,,,100,
7500297,47,Room Based Capacity,,,,,,33,34,33,0,1,,100
7500298,222,Room Based Capacity,,,,,,64,75,64,0,11,,100
7500299,64,Bed Based Capacity,67,67,64,3,0,,,,,,95.52,
7500300,61,Room Based Capacity,,,,,,23,28,21,2,5,,91.3
7500301,47,Bed Based Capacity,47,49,47,0,2,,,,,,100,
7500302,73,Room Based Capacity,,,,,,73,73,73,0,0,,100
7500303,50,Bed Based Capacity,50,54,50,0,4,,,,,,100,
7500304,126,Room Based Capacity,,,,,,126,131,126,0,5,,100
7500305,218,Bed Based Capacity,218,234,218,0,16,,,,,,100,
7500306,32,Bed Based Capacity,32,36,32,0,4,,,,,,100,
7500307,72,Room Based Capacity,,,,,,72,77,72,0,5,,100
7500308,36,Bed Based Capacity,36,39,36,0,3,,,,,,100,
7500309,27,Bed Based Capacity,27,30,27,0,3,,,,,,100,
7500310,40,Bed Based Capacity,40,40,40,0,0,,,,,,100,
7500311,10,Room Based Capacity,,,,,,3,3,3,0,0,,100
7500312,6,Bed Based Capacity,6,6,6,0,0,,,,,,100,
7500313,16,Bed Based Capacity,16,16,16,0,0,,,,,,100,
7500314,23,Bed Based Capacity,28,37,23,5,9,,,,,,82.14,
7500315,1,Bed Based Capacity,1,5,1,0,4,,,,,,100,
7500316,78,Room Based Capacity,,,,,,24,27,24,0,3,,100
7500317,16,Bed Based Capacity,19,19,16,3,0,,,,,,84.21,
7500318,28,Room Based Capacity,,,,,,28,28,28,0,0,,100
7500319,23,Bed Based Capacity,25,25,23,2,0,,,,,,92,
7500320,24,Bed Based Capacity,25,25,24,1,0,,,,,,96,
7500321,20,Bed Based Capacity,24,24,20,4,0,,,,,,83.33,
7500322,17,Bed Based Capacity,19,19,17,2,0,,,,,,89.47,
7500323,7,Bed Based Capacity,20,20,7,13,0,,,,,,35,
7500324,21,Bed Based Capacity,23,23,21,2,0,,,,,,91.3,
7500325,13,Bed Based Capacity,14,14,13,1,0,,,,,,92.86,
7500326,9,Bed Based Capacity,10,10,9,1,0,,,,,,90,
7500327,29,Bed Based Capacity,29,31,29,0,2,,,,,,100,
7500328,50,Room Based Capacity,,,,,,49,55,49,0,6,,100
7500329,20,Room Based Capacity,,,,,,10,15,10,0,5,,100
7500330,14,Room Based Capacity,,,,,,14,29,14,0,15,,100
7500331,8,Bed Based Capacity,8,8,8,0,0,,,,,,100,
7500332,263,Room Based Capacity,,,,,,94,113,94,0,19,,100
7500333,365,Room Based Capacity,,,,,,114,107,114,0,0,,100
7500334,13,Room Based Capacity,,,,,,13,13,13,0,0,,100
7500335,147,Room Based Capacity,,,,,,143,155,143,0,12,,100
7500336,39,Room Based Capacity,,,,,,39,40,39,0,1,,100
7500337,27,Bed Based Capacity,31,33,27,4,2,,,,,,87.1,
7500338,14,Bed Based Capacity,14,15,14,0,1,,,,,,100,
7500339,57,Room Based Capacity,,,,,,21,30,21,0,9,,100
7500340,214,Room Based Capacity,,,,,,63,65,63,0,2,,100
7500341,26,Room Based Capacity,,,,,,13,14,13,0,1,,100
7500342,76,Room Based Capacity,,,,,,76,77,76,0,1,,100
7500343,10,Bed Based Capacity,12,12,10,2,0,,,,,,83.33,
7500344,123,Room Based Capacity,,,,,,69,86,69,0,17,,100
7500345,99,Room Based Capacity,,,,,,99,100,99,0,1,,100
7500346,155,Room Based Capacity,,,,,,43,43,43,0,0,,100
7500347,2,Bed Based Capacity,2,20,2,0,18,,,,,,100,
7500348,100,Room Based Capacity,,,,,,33,40,33,0,7,,100
7500349,20,Room Based Capacity,,,,,,12,10,12,0,0,,100
7500350,46,Room Based Capacity,,,,,,20,20,20,0,0,,100
7500351,34,Bed Based Capacity,36,37,34,2,1,,,,,,94.44,
7500352,65,Room Based Capacity,,,,,,67,51,61,6,0,,91.04
7500353,23,Bed Based Capacity,24,24,23,1,0,,,,,,95.83,
7500354,91,Room Based Capacity,,,,,,35,37,35,0,2,,100
7500355,62,Room Based Capacity,,,,,,71,82,55,16,11,,77.46
7500356,1,Room Based Capacity,,,,,,8,30,1,7,22,,12.5
7500357,56,Room Based Capacity,,,,,,64,30,54,10,0,,84.38
7500358,44,Room Based Capacity,,,,,,23,23,23,0,0,,100
7500359,84,Bed Based Capacity,88,88,84,4,0,,,,,,95.45,
7500360,48,Bed Based Capacity,48,50,48,0,2,,,,,,100,
7500361,43,Bed Based Capacity,51,51,43,8,0,,,,,,84.31,
7500362,72,Bed Based Capacity,73,81,72,1,8,,,,,,98.63,
7500363,55,Bed Based Capacity,55,72,55,0,17,,,,,,100,
7500364,16,Bed Based Capacity,22,22,16,6,0,,,,,,72.73,
7500365,10,Bed Based Capacity,20,20,10,10,0,,,,,,50,
7500366,46,Bed Based Capacity,46,55,46,0,9,,,,,,100,
7500367,8,Bed Based Capacity,15,15,8,7,0,,,,,,53.33,
7500368,13,Bed Based Capacity,13,27,13,0,14,,,,,,100,
7500369,68,Room Based Capacity,,,,,,64,71,63,1,7,,98.44
7500370,4,Bed Based Capacity,4,9,4,0,5,,,,,,100,
7500371,69,Bed Based Capacity,72,74,69,3,2,,,,,,95.83,
7500372,13,Bed Based Capacity,34,34,13,21,0,,,,,,38.24,
7500373,21,Bed Based Capacity,21,21,21,0,0,,,,,,100,
7500374,1,Bed Based Capacity,2,2,1,1,0,,,,,,50,
7500375,41,Room Based Capacity,,,,,,41,42,41,0,1,,100
7500376,43,Bed Based Capacity,46,53,43,3,7,,,,,,93.48,
7500377,26,Bed Based Capacity,28,28,26,2,0,,,,,,92.86,
7500378,37,Bed Based Capacity,37,44,37,0,7,,,,,,100,
7500379,45,Bed Based Capacity,50,50,45,5,0,,,,,,90,
7500380,243,Room Based Capacity,,,,,,233,245,226,7,12,,97
7500381,41,Bed Based Capacity,41,41,41,0,0,,,,,,100,
7500382,87,Room Based Capacity,,,,,,87,92,87,0,5,,100
7500383,53,Room Based Capacity,,,,,,51,52,51,0,1,,100
7500384,22,Bed Based Capacity,22,22,22,0,0,,,,,,100,
7500385,40,Bed Based Capacity,50,50,40,10,0,,,,,,80,
7500386,15,Bed Based Capacity,16,16,15,1,0,,,,,,93.75,
7500387,40,Room Based Capacity,,,,,,40,41,40,0,1,,100
7500388,4,Bed Based Capacity,5,5,4,1,0,,,,,,80,
7500389,9,Bed Based Capacity,11,11,9,2,0,,,,,,81.82,
7500390,33,Bed Based Capacity,37,37,33,4,0,,,,,,89.19,
7500391,24,Bed Based Capacity,24,24,24,0,0,,,,,,100,
7500392,33,Bed Based Capacity,44,44,33,11,0,,,,,,75,
7500393,23,Bed Based Capacity,23,23,23,0,0,,,,,,100,
7500394,52,Bed Based Capacity,52,54,52,0,2,,,,,,100,
7500395,276,Room Based Capacity,,,,,,267,271,267,0,4,,100
7500396,36,Bed Based Capacity,36,45,36,0,9,,,,,,100,
7500397,4,Bed Based Capacity,5,5,4,1,0,,,,,,80,
7500398,27,Bed Based Capacity,28,28,27,1,0,,,,,,96.43,
7500399,19,Bed Based Capacity,25,25,19,6,0,,,,,,76,
7500400,25,Bed Based Capacity,25,25,25,0,0,,,,,,100,
7500401,5,Bed Based Capacity,5,5,5,0,0,,,,,,100,
7500402,46,Room Based Capacity,,,,,,46,47,46,0,1,,100
7500403,48,Bed Based Capacity,48,50,48,0,2,,,,,,100,
7500404,100,Room Based Capacity,,,,,,91,94,91,0,3,,100
7500405,54,Bed Based Capacity,54,70,54,0,16,,,,,,100,
7500406,19,Bed Based Capacity,19,19,19,0,0,,,,,,100,
7500407,29,Bed Based Capacity,30,31,29,1,1,,,,,,96.67,
7500408,54,Bed Based Capacity,54,55,54,0,1,,,,,,100,
7500409,35,Room Based Capacity,,,,,,35,100,35,0,65,,100
7500410,255,Room Based Capacity,,,,,,229,235,228,1,6,,99.56
7500411,290,Room Based Capacity,,,,,,254,263,252,2,9,,99.21
7500412,60,Bed Based Capacity,60,60,60,0,0,,,,,,100,
7500413,70,Bed Based Capacity,71,71,70,1,0,,,,,,98.59,
7500414,184,Bed Based Capacity,184,184,184,0,0,,,,,,100,
7500415,37,Bed Based Capacity,37,37,37,0,0,,,,,,100,
7500416,114,Bed Based Capacity,114,115,114,0,1,,,,,,100,
7500417,33,Bed Based Capacity,33,35,33,0,2,,,,,,100,
7500418,45,Bed Based Capacity,46,51,45,1,5,,,,,,97.83,
7500419,1,Bed Based Capacity,1,3,1,0,2,,,,,,100,
7500420,35,Bed Based Capacity,45,83,35,10,38,,,,,,77.78,
7500421,15,Bed Based Capacity,18,18,15,3,0,,,,,,83.33,
7500422,37,Room Based Capacity,,,,,,37,40,37,0,3,,100
7500423,15,Bed Based Capacity,15,15,15,0,0,,,,,,100,
7500424,27,Bed Based Capacity,27,27,27,0,0,,,,,,100,
7500425,43,Bed Based Capacity,44,44,43,1,0,,,,,,97.73,
7500426,12,Bed Based Capacity,17,17,12,5,0,,,,,,70.59,
7500427,7,Bed Based Capacity,9,9,7,2,0,,,,,,77.78,
7500428,9,Room Based Capacity,,,,,,14,14,9,5,0,,64.29
7500429,18,Bed Based Capacity,19,19,18,1,0,,,,,,94.74,
7500430,15,Bed Based Capacity,15,15,15,0,0,,,,,,100,
7500431,18,Bed Based Capacity,18,20,18,0,2,,,,,,100,
7500432,21,Bed Based Capacity,22,27,21,1,5,,,,,,95.45,
7500433,23,Bed Based Capacity,24,30,23,1,6,,,,,,95.83,
7500434,19,Bed Based Capacity,19,19,19,0,0,,,,,,100,
7500435,41,Bed Based Capacity,41,43,41,0,2,,,,,,100,
7500436,30,Room Based Capacity,,,,,,30,32,30,0,2,,100
7500437,25,Bed Based Capacity,27,28,25,2,1,,,,,,92.59,
7500438,47,Room Based Capacity,,,,,,33,34,33,0,1,,100
7500439,213,Room Based Capacity,,,,,,64,75,62,2,11,,96.88
7500440,64,Bed Based Capacity,64,67,64,0,3,,,,,,100,
7500441,61,Room Based Capacity,,,,,,23,28,21,2,5,,91.3
7500442,47,Bed Based Capacity,47,49,47,0,2,,,,,,100,
7500443,73,Room Based Capacity,,,,,,73,73,73,0,0,,100
7500444,51,Bed Based Capacity,51,54,51,0,3,,,,,,100,
7500445,126,Room Based Capacity,,,,,,126,131,126,0,5,,100
7500446,218,Bed Based Capacity,218,234,218,0,16,,,,,,100,
7500447,32,Bed Based Capacity,32,36,32,0,4,,,,,,100,
7500448,72,Room Based Capacity,,,,,,72,77,72,0,5,,100
7500449,35,Bed Based Capacity,39,39,35,4,0,,,,,,89.74,
7500450,26,Bed Based Capacity,28,30,26,2,2,,,,,,92.86,
7500451,40,Bed Based Capacity,40,40,40,0,0,,,,,,100,
7500452,10,Room Based Capacity,,,,,,3,3,3,0,0,,100
7500453,6,Bed Based Capacity,6,6,6,0,0,,,,,,100,
7500454,16,Bed Based Capacity,16,16,16,0,0,,,,,,100,
7500455,23,Bed Based Capacity,28,37,23,5,9,,,,,,82.14,
7500456,1,Bed Based Capacity,1,5,1,0,4,,,,,,100,
7500457,78,Room Based Capacity,,,,,,24,27,24,0,3,,100
7500458,17,Bed Based Capacity,19,19,17,2,0,,,,,,89.47,
7500459,28,Room Based Capacity,,,,,,28,28,28,0,0,,100
7500460,23,Bed Based Capacity,25,25,23,2,0,,,,,,92,
7500461,24,Bed Based Capacity,25,25,24,1,0,,,,,,96,
7500462,20,Bed Based Capacity,24,24,20,4,0,,,,,,83.33,
7500463,17,Bed Based Capacity,19,19,17,2,0,,,,,,89.47,
7500464,6,Bed Based Capacity,19,20,6,13,1,,,,,,31.58,
7500465,21,Bed Based Capacity,23,23,21,2,0,,,,,,91.3,
7500466,13,Bed Based Capacity,14,14,13,1,0,,,,,,92.86,
7500467,9,Bed Based Capacity,10,10,9,1,0,,,,,,90,
7500468,29,Bed Based Capacity,29,31,29,0,2,,,,,,100,
7500469,50,Room Based Capacity,,,,,,49,55,49,0,6,,100
7500470,20,Room Based Capacity,,,,,,10,15,10,0,5,,100
7500471,16,Room Based Capacity,,,,,,16,29,16,0,13,,100
7500472,8,Bed Based Capacity,8,8,8,0,0,,,,,,100,
7500473,260,Room Based Capacity,,,,,,94,113,93,1,19,,98.94
7500474,365,Room Based Capacity,,,,,,114,107,114,0,0,,100
7500475,13,Room Based Capacity,,,,,,13,13,13,0,0,,100
7500476,147,Room Based Capacity,,,,,,143,155,143,0,12,,100
7500477,39,Room Based Capacity,,,,,,39,40,39,0,1,,100
7500478,27,Bed Based Capacity,31,33,27,4,2,,,,,,87.1,
7500479,14,Bed Based Capacity,14,15,14,0,1,,,,,,100,
7500480,57,Room Based Capacity,,,,,,21,30,21,0,9,,100
7500481,210,Room Based Capacity,,,,,,63,65,62,1,2,,98.41
7500482,26,Room Based Capacity,,,,,,13,14,13,0,1,,100
7500483,76,Room Based Capacity,,,,,,76,77,76,0,1,,100
7500484,10,Bed Based Capacity,12,12,10,2,0,,,,,,83.33,
7500485,123,Room Based Capacity,,,,,,69,86,69,0,17,,100
7500486,100,Room Based Capacity,,,,,,100,100,100,0,0,,100
7500487,155,Room Based Capacity,,,,,,43,43,43,0,0,,100
7500488,2,Bed Based Capacity,2,20,2,0,18,,,,,,100,
7500489,100,Room Based Capacity,,,,,,33,40,33,0,7,,100
7500490,20,Room Based Capacity,,,,,,12,10,12,0,0,,100
7500491,46,Room Based Capacity,,,,,,20,20,20,0,0,,100
7500492,35,Bed Based Capacity,36,37,35,1,1,,,,,,97.22,
7500493,65,Room Based Capacity,,,,,,67,51,61,6,0,,91.04
7500494,24,Bed Based Capacity,24,24,24,0,0,,,,,,100,
7500495,91,Room Based Capacity,,,,,,35,37,35,0,2,,100
7500496,61,Room Based Capacity,,,,,,71,82,54,17,11,,76.06
7500497,53,Room Based Capacity,,,,,,67,30,53,14,0,,79.1
7500498,44,Room Based Capacity,,,,,,23,23,23,0,0,,100
7500499,84,Bed Based Capacity,88,88,84,4,0,,,,,,95.45,
7500500,48,Bed Based Capacity,48,50,48,0,2,,,,,,100,
7500501,43,Bed Based Capacity,51,51,43,8,0,,,,,,84.31,
7500502,71,Bed Based Capacity,74,81,71,3,7,,,,,,95.95,
7500503,55,Bed Based Capacity,56,72,55,1,16,,,,,,98.21,
7500504,16,Bed Based Capacity,22,22,16,6,0,,,,,,72.73,
7500505,9,Bed Based Capacity,20,20,9,11,0,,,,,,45,
7500506,46,Bed Based Capacity,46,55,46,0,9,,,,,,100,
7500507,7,Bed Based Capacity,15,15,7,8,0,,,,,,46.67,
7500508,13,Bed Based Capacity,13,27,13,0,14,,,,,,100,
7500509,68,Room Based Capacity,,,,,,64,71,63,1,7,,98.44
7500510,4,Bed Based Capacity,4,9,4,0,5,,,,,,100,
7500511,72,Bed Based Capacity,72,74,72,0,2,,,,,,100,
7500512,34,Bed Based Capacity,34,34,34,0,0,,,,,,100,
7500513,44,Bed Based Capacity,55,55,44,11,0,,,,,,80,
7500514,21,Bed Based Capacity,21,21,21,0,0,,,,,,100,
7500515,1,Bed Based Capacity,2,2,1,1,0,,,,,,50,
7500516,39,Room Based Capacity,,,,,,41,42,39,2,1,,95.12
7500517,51,Bed Based Capacity,52,53,51,1,1,,,,,,98.08,
7500518,26,Bed Based Capacity,28,28,26,2,0,,,,,,92.86,
7500519,37,Bed Based Capacity,37,44,37,0,7,,,,,,100,
7500520,50,Bed Based Capacity,50,50,50,0,0,,,,,,100,
7500521,245,Room Based Capacity,,,,,,233,245,228,5,12,,97.85
7500522,41,Bed Based Capacity,41,41,41,0,0,,,,,,100,
7500523,87,Room Based Capacity,,,,,,87,92,87,0,5,,100
7500524,54,Room Based Capacity,,,,,,52,52,52,0,0,,100
7500525,22,Bed Based Capacity,22,22,22,0,0,,,,,,100,
7500526,39,Bed Based Capacity,50,50,39,11,0,,,,,,78,
7500527,15,Bed Based Capacity,16,16,15,1,0,,,,,,93.75,
7500528,40,Room Based Capacity,,,,,,40,41,40,0,1,,100
7500529,5,Bed Based Capacity,5,5,5,0,0,,,,,,100,
7500530,9,Bed Based Capacity,11,11,9,2,0,,,,,,81.82,
7500531,33,Bed Based Capacity,37,37,33,4,0,,,,,,89.19,
7500532,24,Bed Based Capacity,24,24,24,0,0,,,,,,100,
7500533,34,Bed Based Capacity,44,44,34,10,0,,,,,,77.27,
7500534,23,Bed Based Capacity,23,23,23,0,0,,,,,,100,
7500535,52,Bed Based Capacity,52,54,52,0,2,,,,,,100,
7500536,276,Room Based Capacity,,,,,,267,271,267,0,4,,100
7500537,36,Bed Based Capacity,36,45,36,0,9,,,,,,100,
7500538,4,Bed Based Capacity,5,5,4,1,0,,,,,,80,
7500539,27,Bed Based Capacity,28,28,27,1,0,,,,,,96.43,
7500540,18,Bed Based Capacity,25,25,18,7,0,,,,,,72,
7500541,24,Bed Based Capacity,25,25,24,1,0,,,,,,96,
7500542,5,Bed Based Capacity,5,5,5,0,0,,,,,,100,
7500543,46,Room Based Capacity,,,,,,46,47,46,0,1,,100
7500544,48,Bed Based Capacity,48,50,48,0,2,,,,,,100,
7500545,100,Room Based Capacity,,,,,,91,94,91,0,3,,100
7500546,54,Bed Based Capacity,54,70,54,0,16,,,,,,100,
7500547,19,Bed Based Capacity,19,19,19,0,0,,,,,,100,
7500548,29,Bed Based Capacity,30,31,29,1,1,,,,,,96.67,
7500549,53,Bed Based Capacity,53,55,53,0,2,,,,,,100,
7500550,35,Room Based Capacity,,,,,,35,100,35,0,65,,100
7500551,258,Room Based Capacity,,,,,,231,235,231,0,4,,100
7500552,290,Room Based Capacity,,,,,,252,263,252,0,11,,100
7500553,59,Bed Based Capacity,60,60,59,1,0,,,,,,98.33,
7500554,71,Bed Based Capacity,71,71,71,0,0,,,,,,100,
7500555,183,Bed Based Capacity,184,184,183,1,0,,,,,,99.46,
7500556,37,Bed Based Capacity,37,37,37,0,0,,,,,,100,
7500557,114,Bed Based Capacity,114,115,114,0,1,,,,,,100,
7500558,33,Bed Based Capacity,33,35,33,0,2,,,,,,100,
7500559,45,Bed Based Capacity,46,51,45,1,5,,,,,,97.83,
7500560,1,Bed Based Capacity,1,3,1,0,2,,,,,,100,
7500561,35,Bed Based Capacity,35,83,35,0,48,,,,,,100,
7500562,15,Bed Based Capacity,18,18,15,3,0,,,,,,83.33,
7500563,37,Room Based Capacity,,,,,,37,40,37,0,3,,100
7500564,15,Bed Based Capacity,15,15,15,0,0,,,,,,100,
7500565,27,Bed Based Capacity,27,27,27,0,0,,,,,,100,
7500566,43,Bed Based Capacity,44,44,43,1,0,,,,,,97.73,
7500567,12,Bed Based Capacity,17,17,12,5,0,,,,,,70.59,
7500568,7,Bed Based Capacity,9,9,7,2,0,,,,,,77.78,
7500569,9,Room Based Capacity,,,,,,14,14,9,5,0,,64.29
7500570,18,Bed Based Capacity,19,19,18,1,0,,,,,,94.74,
7500571,15,Bed Based Capacity,15,15,15,0,0,,,,,,100,
7500572,18,Bed Based Capacity,18,20,18,0,2,,,,,,100,
7500573,22,Bed Based Capacity,22,27,22,0,5,,,,,,100,
7500574,23,Bed Based Capacity,24,30,23,1,6,,,,,,95.83,
7500575,19,Bed Based Capacity,19,19,19,0,0,,,,,,100,
7500576,41,Bed Based Capacity,41,43,41,0,2,,,,,,100,
7500577,30,Room Based Capacity,,,,,,30,32,30,0,2,,100
7500578,24,Bed Based Capacity,26,28,24,2,2,,,,,,92.31,
7500579,47,Room Based Capacity,,,,,,33,34,33,0,1,,100
7500580,213,Room Based Capacity,,,,,,64,75,62,2,11,,96.88
7500581,64,Bed Based Capacity,64,67,64,0,3,,,,,,100,
7500582,61,Room Based Capacity,,,,,,23,28,21,2,5,,91.3
7500583,49,Bed Based Capacity,49,49,49,0,0,,,,,,100,
7500584,73,Room Based Capacity,,,,,,73,73,73,0,0,,100
7500585,52,Bed Based Capacity,52,54,52,0,2,,,,,,100,
7500586,126,Room Based Capacity,,,,,,126,131,126,0,5,,100
7500587,218,Bed Based Capacity,218,234,218,0,16,,,,,,100,
7500588,31,Bed Based Capacity,31,36,31,0,5,,,,,,100,
7500589,72,Room Based Capacity,,,,,,72,77,72,0,5,,100
7500590,36,Bed Based Capacity,39,39,36,3,0,,,,,,92.31,
7500591,26,Bed Based Capacity,29,30,26,3,1,,,,,,89.66,
7500592,40,Bed Based Capacity,40,40,40,0,0,,,,,,100,
7500593,10,Room Based Capacity,,,,,,3,3,3,0,0,,100
7500594,6,Bed Based Capacity,6,6,6,0,0,,,,,,100,
7500595,16,Bed Based Capacity,16,16,16,0,0,,,,,,100,
7500596,24,Bed Based Capacity,28,37,24,4,9,,,,,,85.71,
7500597,1,Bed Based Capacity,1,5,1,0,4,,,,,,100,
7500598,78,Room Based Capacity,,,,,,24,27,24,0,3,,100
7500599,18,Bed Based Capacity,19,19,18,1,0,,,,,,94.74,
7500600,28,Room Based Capacity,,,,,,28,28,28,0,0,,100
7500601,23,Bed Based Capacity,25,25,23,2,0,,,,,,92,
7500602,25,Bed Based Capacity,25,25,25,0,0,,,,,,100,
7500603,21,Bed Based Capacity,24,24,21,3,0,,,,,,87.5,
7500604,13,Bed Based Capacity,19,19,13,6,0,,,,,,68.42,
7500605,7,Bed Based Capacity,19,20,7,12,1,,,,,,36.84,
7500606,21,Bed Based Capacity,23,23,21,2,0,,,,,,91.3,
7500607,13,Bed Based Capacity,14,14,13,1,0,,,,,,92.86,
7500608,9,Bed Based Capacity,10,10,9,1,0,,,,,,90,
7500609,29,Bed Based Capacity,29,31,29,0,2,,,,,,100,
7500610,2,Room Based Capacity,,,,,,1,55,1,0,54,,100
7500611,18,Room Based Capacity,,,,,,10,15,10,0,5,,100
7500612,8,Bed Based Capacity,8,8,8,0,0,,,,,,100,
7500613,260,Room Based Capacity,,,,,,93,113,93,0,20,,100
7500614,365,Room Based Capacity,,,,,,114,107,114,0,0,,100
7500615,13,Room Based Capacity,,,,,,13,13,13,0,0,,100
7500616,147,Room Based Capacity,,,,,,143,155,143,0,12,,100
7500617,39,Room Based Capacity,,,,,,39,40,39,0,1,,100
7500618,27,Bed Based Capacity,28,33,27,1,5,,,,,,96.43,
7500619,14,Bed Based Capacity,14,15,14,0,1,,,,,,100,
7500620,53,Room Based Capacity,,,,,,21,30,20,1,9,,95.24
7500621,210,Room Based Capacity,,,,,,62,65,62,0,3,,100
7500622,63,Room Based Capacity,,,,,,83,83,63,20,0,,75.9
7500623,2,Room Based Capacity,,,,,,12,12,2,10,0,,16.67
7500624,26,Room Based Capacity,,,,,,13,14,13,0,1,,100
7500625,75,Room Based Capacity,,,,,,76,77,75,1,1,,98.68
7500626,10,Bed Based Capacity,12,12,10,2,0,,,,,,83.33,
7500627,123,Room Based Capacity,,,,,,69,86,69,0,17,,100
7500628,100,Room Based Capacity,,,,,,100,100,100,0,0,,100
7500629,155,Room Based Capacity,,,,,,43,43,43,0,0,,100
7500630,2,Bed Based Capacity,2,20,2,0,18,,,,,,100,
7500631,100,Room Based Capacity,,,,,,33,40,33,0,7,,100
7500632,20,Room Based Capacity,,,,,,12,10,12,0,0,,100
7500633,46,Room Based Capacity,,,,,,20,20,20,0,0,,100
7500634,36,Bed Based Capacity,36,37,36,0,1,,,,,,100,
7500635,65,Room Based Capacity,,,,,,67,51,61,6,0,,91.04
7500636,24,Bed Based Capacity,24,24,24,0,0,,,,,,100,
7500637,91,Room Based Capacity,,,,,,35,37,35,0,2,,100
7500638,59,Room Based Capacity,,,,,,71,82,52,19,11,,73.24
7500639,59,Room Based Capacity,,,,,,67,30,57,10,0,,85.07
7500640,44,Room Based Capacity,,,,,,23,23,23,0,0,,100
7500641,84,Bed Based Capacity,88,88,84,4,0,,,,,,95.45,
7500642,47,Bed Based Capacity,47,50,47,0,3,,,,,,100,
7500643,43,Bed Based Capacity,51,51,43,8,0,,,,,,84.31,
7500644,72,Bed Based Capacity,74,81,72,2,7,,,,,,97.3,
7500645,56,Bed Based Capacity,56,72,56,0,16,,,,,,100,
7500646,16,Bed Based Capacity,22,22,16,6,0,,,,,,72.73,
7500647,8,Bed Based Capacity,20,20,8,12,0,,,,,,40,
7500648,46,Bed Based Capacity,46,55,46,0,9,,,,,,100,
7500649,15,Bed Based Capacity,15,15,15,0,0,,,,,,100,
7500650,13,Bed Based Capacity,13,27,13,0,14,,,,,,100,
7500651,68,Room Based Capacity,,,,,,64,71,63,1,7,,98.44
7500652,4,Bed Based Capacity,4,9,4,0,5,,,,,,100,
7500653,72,Bed Based Capacity,72,74,72,0,2,,,,,,100,
7500654,34,Bed Based Capacity,34,34,34,0,0,,,,,,100,
7500655,55,Bed Based Capacity,55,55,55,0,0,,,,,,100,
7500656,21,Bed Based Capacity,21,21,21,0,0,,,,,,100,
7500657,1,Bed Based Capacity,2,2,1,1,0,,,,,,50,
7500658,38,Room Based Capacity,,,,,,41,42,38,3,1,,92.68
7500659,51,Bed Based Capacity,51,53,51,0,2,,,,,,100,
7500660,26,Bed Based Capacity,28,28,26,2,0,,,,,,92.86,
7500661,37,Bed Based Capacity,37,44,37,0,7,,,,,,100,
7500662,50,Bed Based Capacity,50,50,50,0,0,,,,,,100,
7500663,245,Room Based Capacity,,,,,,233,245,228,5,12,,97.85
7500664,41,Bed Based Capacity,41,41,41,0,0,,,,,,100,
7500665,87,Room Based Capacity,,,,,,87,92,87,0,5,,100
7500666,54,Room Based Capacity,,,,,,52,52,52,0,0,,100
7500667,22,Bed Based Capacity,22,22,22,0,0,,,,,,100,
7500668,40,Bed Based Capacity,50,50,40,10,0,,,,,,80,
7500669,15,Bed Based Capacity,16,16,15,1,0,,,,,,93.75,
7500670,39,Room Based Capacity,,,,,,40,41,39,1,1,,97.5
7500671,5,Bed Based Capacity,5,5,5,0,0,,,,,,100,
7500672,9,Bed Based Capacity,11,11,9,2,0,,,,,,81.82,
7500673,33,Bed Based Capacity,37,37,33,4,0,,,,,,89.19,
7500674,24,Bed Based Capacity,24,24,24,0,0,,,,,,100,
7500675,35,Bed Based Capacity,44,44,35,9,0,,,,,,79.55,
7500676,23,Bed Based Capacity,23,23,23,0,0,,,,,,100,
7500677,52,Bed Based Capacity,52,54,52,0,2,,,,,,100,
7500678,275,Room Based Capacity,,,,,,266,271,266,0,5,,100
7500679,35,Bed Based Capacity,35,45,35,0,10,,,,,,100,
7500680,4,Bed Based Capacity,5,5,4,1,0,,,,,,80,
7500681,27,Bed Based Capacity,28,28,27,1,0,,,,,,96.43,
7500682,18,Bed Based Capacity,25,25,18,7,0,,,,,,72,
7500683,25,Bed Based Capacity,25,25,25,0,0,,,,,,100,
7500684,5,Bed Based Capacity,5,5,5,0,0,,,,,,100,
7500685,46,Room Based Capacity,,,,,,46,47,46,0,1,,100
7500686,48,Bed Based Capacity,48,50,48,0,2,,,,,,100,
7500687,100,Room Based Capacity,,,,,,91,94,91,0,3,,100
7500688,54,Bed Based Capacity,54,70,54,0,16,,,,,,100,
7500689,19,Bed Based Capacity,19,19,19,0,0,,,,,,100,
7500690,29,Bed Based Capacity,30,31,29,1,1,,,,,,96.67,
7500691,53,Bed Based Capacity,53,55,53,0,2,,,,,,100,
7500692,35,Room Based Capacity,,,,,,35,100,35,0,65,,100
7500693,255,Room Based Capacity,,,,,,229,235,229,0,6,,100
7500694,291,Room Based Capacity,,,,,,253,263,253,0,10,,100
7500695,54,Bed Based Capacity,60,60,54,6,0,,,,,,90,
7500696,71,Bed Based Capacity,71,71,71,0,0,,,,,,100,
7500697,184,Bed Based Capacity,184,184,184,0,0,,,,,,100,
7500698,37,Bed Based Capacity,37,37,37,0,0,,,,,,100,
7500699,114,Bed Based Capacity,114,115,114,0,1,,,,,,100,
7500700,34,Bed Based Capacity,34,35,34,0,1,,,,,,100,
7500701,44,Bed Based Capacity,44,51,44,0,7,,,,,,100,
7500702,1,Bed Based Capacity,1,3,1,0,2,,,,,,100,
7500703,35,Bed Based Capacity,35,83,35,0,48,,,,,,100,
7500704,15,Bed Based Capacity,18,18,15,3,0,,,,,,83.33,
7500705,35,Room Based Capacity,,,,,,37,40,35,2,3,,94.59
7500706,15,Bed Based Capacity,15,15,15,0,0,,,,,,100,
7500707,27,Bed Based Capacity,27,27,27,0,0,,,,,,100,
7500708,42,Bed Based Capacity,44,44,42,2,0,,,,,,95.45,
7500709,12,Bed Based Capacity,17,17,12,5,0,,,,,,70.59,
7500710,7,Bed Based Capacity,9,9,7,2,0,,,,,,77.78,
7500711,9,Room Based Capacity,,,,,,14,14,9,5,0,,64.29
7500712,19,Bed Based Capacity,19,19,19,0,0,,,,,,100,
7500713,15,Bed Based Capacity,15,15,15,0,0,,,,,,100,
7500714,18,Bed Based Capacity,18,20,18,0,2,,,,,,100,
7500715,22,Bed Based Capacity,22,27,22,0,5,,,,,,100,
7500716,23,Bed Based Capacity,24,30,23,1,6,,,,,,95.83,
7500717,19,Bed Based Capacity,19,19,19,0,0,,,,,,100,
7500718,41,Bed Based Capacity,41,43,41,0,2,,,,,,100,
7500719,30,Room Based Capacity,,,,,,30,32,30,0,2,,100
7500720,26,Bed Based Capacity,26,28,26,0,2,,,,,,100,
7500721,47,Room Based Capacity,,,,,,33,34,33,0,1,,100
7500722,213,Room Based Capacity,,,,,,64,75,62,2,11,,96.88
7500723,64,Bed Based Capacity,64,67,64,0,3,,,,,,100,
7500724,61,Room Based Capacity,,,,,,23,28,21,2,5,,91.3
7500725,49,Bed Based Capacity,49,49,49,0,0,,,,,,100,
7500726,73,Room Based Capacity,,,,,,73,73,73,0,0,,100
7500727,52,Bed Based Capacity,52,54,52,0,2,,,,,,100,
7500728,126,Room Based Capacity,,,,,,126,131,126,0,5,,100
7500729,218,Bed Based Capacity,218,234,218,0,16,,,,,,100,
7500730,31,Bed Based Capacity,31,36,31,0,5,,,,,,100,
7500731,72,Room Based Capacity,,,,,,72,77,72,0,5,,100
7500732,35,Bed Based Capacity,39,39,35,4,0,,,,,,89.74,
7500733,27,Bed Based Capacity,29,30,27,2,1,,,,,,93.1,
7500734,40,Bed Based Capacity,40,40,40,0,0,,,,,,100,
7500735,10,Room Based Capacity,,,,,,3,3,3,0,0,,100
7500736,6,Bed Based Capacity,6,6,6,0,0,,,,,,100,
7500737,16,Bed Based Capacity,16,16,16,0,0,,,,,,100,
7500738,24,Bed Based Capacity,28,37,24,4,9,,,,,,85.71,
7500739,1,Bed Based Capacity,1,5,1,0,4,,,,,,100,
7500740,78,Room Based Capacity,,,,,,24,27,24,0,3,,100
7500741,19,Bed Based Capacity,19,19,19,0,0,,,,,,100,
7500742,27,Room Based Capacity,,,,,,28,28,27,1,0,,96.43
7500743,23,Bed Based Capacity,25,25,23,2,0,,,,,,92,
7500744,25,Bed Based Capacity,25,25,25,0,0,,,,,,100,
7500745,21,Bed Based Capacity,24,24,21,3,0,,,,,,87.5,
7500746,11,Bed Based Capacity,19,19,11,8,0,,,,,,57.89,
7500747,7,Bed Based Capacity,19,20,7,12,1,,,,,,36.84,
7500748,20,Bed Based Capacity,23,23,20,3,0,,,,,,86.96,
7500749,13,Bed Based Capacity,14,14,13,1,0,,,,,,92.86,
7500750,9,Bed Based Capacity,10,10,9,1,0,,,,,,90,
7500751,29,Bed Based Capacity,29,31,29,0,2,,,,,,100,
7500752,8,Bed Based Capacity,8,8,8,0,0,,,,,,100,
7500753,257,Room Based Capacity,,,,,,92,113,92,0,21,,100
7500754,366,Room Based Capacity,,,,,,114,107,114,0,0,,100
7500755,13,Room Based Capacity,,,,,,13,13,13,0,0,,100
7500756,146,Room Based Capacity,,,,,,142,155,142,0,13,,100
7500757,39,Room Based Capacity,,,,,,39,40,39,0,1,,100
7500758,28,Bed Based Capacity,28,33,28,0,5,,,,,,100,
7500759,13,Bed Based Capacity,14,15,13,1,1,,,,,,92.86,
7500760,51,Room Based Capacity,,,,,,20,30,19,1,10,,95
7500761,210,Room Based Capacity,,,,,,62,65,62,0,3,,100
7500762,63,Room Based Capacity,,,,,,63,83,63,0,20,,100
7500763,22,Room Based Capacity,,,,,,11,12,11,0,1,,100
7500764,26,Room Based Capacity,,,,,,13,14,13,0,1,,100
7500765,75,Room Based Capacity,,,,,,75,77,75,0,2,,100
7500766,10,Bed Based Capacity,12,12,10,2,0,,,,,,83.33,
7500767,123,Room Based Capacity,,,,,,68,86,68,0,18,,100
7500768,100,Room Based Capacity,,,,,,100,100,100,0,0,,100
7500769,155,Room Based Capacity,,,,,,43,43,43,0,0,,100
7500770,2,Bed Based Capacity,2,8,2,0,6,,,,,,100,
7500771,88,Room Based Capacity,,,,,,27,40,27,0,13,,100
7500772,32,Room Based Capacity,,,,,,18,18,18,0,0,,100
7500773,46,Room Based Capacity,,,,,,20,20,20,0,0,,100
7500774,36,Bed Based Capacity,36,37,36,0,1,,,,,,100,
7500775,65,Room Based Capacity,,,,,,67,51,61,6,0,,91.04
7500776,24,Bed Based Capacity,24,24,24,0,0,,,,,,100,
7500777,91,Room Based Capacity,,,,,,35,37,35,0,2,,100
7500778,59,Room Based Capacity,,,,,,71,82,52,19,11,,73.24
7500779,61,Room Based Capacity,,,,,,69,30,59,10,0,,85.51
7500780,44,Room Based Capacity,,,,,,23,23,23,0,0,,100
7500781,85,Bed Based Capacity,88,88,85,3,0,,,,,,96.59,
7500782,47,Bed Based Capacity,47,50,47,0,3,,,,,,100,
7500783,42,Bed Based Capacity,51,51,42,9,0,,,,,,82.35,
7500784,72,Bed Based Capacity,72,81,72,0,9,,,,,,100,
7500785,55,Bed Based Capacity,55,72,55,0,17,,,,,,100,
7500786,16,Bed Based Capacity,22,22,16,6,0,,,,,,72.73,
7500787,9,Bed Based Capacity,20,20,9,11,0,,,,,,45,
7500788,46,Bed Based Capacity,46,55,46,0,9,,,,,,100,
7500789,10,Bed Based Capacity,15,15,10,5,0,,,,,,66.67,
7500790,13,Bed Based Capacity,13,27,13,0,14,,,,,,100,
7500791,68,Room Based Capacity,,,,,,64,71,63,1,7,,98.44
7500792,4,Bed Based Capacity,4,9,4,0,5,,,,,,100,
7500793,70,Bed Based Capacity,72,74,70,2,2,,,,,,97.22,
7500794,33,Bed Based Capacity,34,34,33,1,0,,,,,,97.06,
7500795,53,Bed Based Capacity,55,55,53,2,0,,,,,,96.36,
7500796,21,Bed Based Capacity,21,21,21,0,0,,,,,,100,
7500797,1,Bed Based Capacity,2,2,1,1,0,,,,,,50,
7500798,38,Room Based Capacity,,,,,,38,42,38,0,4,,100
7500799,50,Bed Based Capacity,51,53,50,1,2,,,,,,98.04,
7500800,26,Bed Based Capacity,28,28,26,2,0,,,,,,92.86,
7500801,37,Bed Based Capacity,37,44,37,0,7,,,,,,100,
7500802,49,Bed Based Capacity,50,50,49,1,0,,,,,,98,
7500803,245,Room Based Capacity,,,,,,233,245,228,5,12,,97.85
7500804,41,Bed Based Capacity,41,41,41,0,0,,,,,,100,
7500805,87,Room Based Capacity,,,,,,87,92,87,0,5,,100
7500806,54,Room Based Capacity,,,,,,52,52,52,0,0,,100
7500807,22,Bed Based Capacity,22,22,22,0,0,,,,,,100,
7500808,41,Bed Based Capacity,44,50,41,3,6,,,,,,93.18,
7500809,15,Bed Based Capacity,16,16,15,1,0,,,,,,93.75,
7500810,38,Room Based Capacity,,,,,,38,41,38,0,3,,100
7500811,5,Bed Based Capacity,5,5,5,0,0,,,,,,100,
7500812,10,Bed Based Capacity,11,11,10,1,0,,,,,,90.91,
7500813,33,Bed Based Capacity,37,37,33,4,0,,,,,,89.19,
7500814,24,Bed Based Capacity,24,24,24,0,0,,,,,,100,
7500815,35,Bed Based Capacity,44,44,35,9,0,,,,,,79.55,
7500816,23,Bed Based Capacity,23,23,23,0,0,,,,,,100,
7500817,52,Bed Based Capacity,52,54,52,0,2,,,,,,100,
7500818,275,Room Based Capacity,,,,,,266,271,266,0,5,,100
7500819,35,Bed Based Capacity,35,45,35,0,10,,,,,,100,
7500820,4,Bed Based Capacity,5,5,4,1,0,,,,,,80,
7500821,27,Bed Based Capacity,28,28,27,1,0,,,,,,96.43,
7500822,18,Bed Based Capacity,25,25,18,7,0,,,,,,72,
7500823,24,Bed Based Capacity,25,25,24,1,0,,,,,,96,
7500824,5,Bed Based Capacity,5,5,5,0,0,,,,,,100,
7500825,46,Room Based Capacity,,,,,,46,47,46,0,1,,100
7500826,48,Bed Based Capacity,48,50,48,0,2,,,,,,100,
7500827,100,Room Based Capacity,,,,,,91,94,91,0,3,,100
7500828,56,Bed Based Capacity,56,70,56,0,14,,,,,,100,
7500829,19,Bed Based Capacity,19,19,19,0,0,,,,,,100,
7500830,31,Bed Based Capacity,31,31,31,0,0,,,,,,100,
7500831,53,Bed Based Capacity,53,55,53,0,2,,,,,,100,
7500832,35,Room Based Capacity,,,,,,35,100,35,0,65,,100
7500833,255,Room Based Capacity,,,,,,229,235,229,0,6,,100
7500834,291,Room Based Capacity,,,,,,253,263,253,0,10,,100
7500835,53,Bed Based Capacity,60,60,53,7,0,,,,,,88.33,
7500836,70,Bed Based Capacity,71,71,70,1,0,,,,,,98.59,
7500837,184,Bed Based Capacity,184,184,184,0,0,,,,,,100,
7500838,37,Bed Based Capacity,37,37,37,0,0,,,,,,100,
7500839,114,Bed Based Capacity,114,115,114,0,1,,,,,,100,
7500840,33,Bed Based Capacity,34,35,33,1,1,,,,,,97.06,
7500841,44,Bed Based Capacity,44,51,44,0,7,,,,,,100,
7500842,1,Bed Based Capacity,1,3,1,0,2,,,,,,100,
7500843,35,Bed Based Capacity,35,83,35,0,48,,,,,,100,
7500844,15,Bed Based Capacity,18,18,15,3,0,,,,,,83.33,
7500845,35,Room Based Capacity,,,,,,35,40,35,0,5,,100
7500846,15,Bed Based Capacity,15,15,15,0,0,,,,,,100,
7500847,27,Bed Based Capacity,27,27,27,0,0,,,,,,100,
7500848,42,Bed Based Capacity,44,44,42,2,0,,,,,,95.45,
7500849,12,Bed Based Capacity,17,17,12,5,0,,,,,,70.59,
7500850,7,Bed Based Capacity,9,9,7,2,0,,,,,,77.78,
7500851,9,Room Based Capacity,,,,,,14,14,9,5,0,,64.29
7500852,16,Bed Based Capacity,19,19,16,3,0,,,,,,84.21,
7500853,15,Bed Based Capacity,15,15,15,0,0,,,,,,100,
7500854,18,Bed Based Capacity,18,20,18,0,2,,,,,,100,
7500855,21,Bed Based Capacity,22,27,21,1,5,,,,,,95.45,
7500856,23,Bed Based Capacity,24,30,23,1,6,,,,,,95.83,
7500857,19,Bed Based Capacity,19,19,19,0,0,,,,,,100,
7500858,41,Bed Based Capacity,41,43,41,0,2,,,,,,100,
7500859,30,Room Based Capacity,,,,,,30,32,30,0,2,,100
7500860,25,Bed Based Capacity,26,28,25,1,2,,,,,,96.15,
7500861,47,Room Based Capacity,,,,,,33,34,33,0,1,,100
7500862,213,Room Based Capacity,,,,,,64,75,62,2,11,,96.88
7500863,64,Bed Based Capacity,64,67,64,0,3,,,,,,100,
7500864,60,Room Based Capacity,,,,,,23,28,20,3,5,,86.96
7500865,49,Bed Based Capacity,49,49,49,0,0,,,,,,100,
7500866,73,Room Based Capacity,,,,,,73,73,73,0,0,,100
7500867,51,Bed Based Capacity,51,54,51,0,3,,,,,,100,
7500868,124,Room Based Capacity,,,,,,124,131,124,0,7,,100
7500869,217,Bed Based Capacity,218,234,217,1,16,,,,,,99.54,
7500870,31,Bed Based Capacity,31,36,31,0,5,,,,,,100,
7500871,72,Room Based Capacity,,,,,,72,77,72,0,5,,100
7500872,35,Bed Based Capacity,39,39,35,4,0,,,,,,89.74,
7500873,27,Bed Based Capacity,29,30,27,2,1,,,,,,93.1,
7500874,40,Bed Based Capacity,40,40,40,0,0,,,,,,100,
7500875,10,Room Based Capacity,,,,,,3,3,3,0,0,,100
7500876,6,Bed Based Capacity,6,6,6,0,0,,,,,,100,
7500877,16,Bed Based Capacity,16,16,16,0,0,,,,,,100,
7500878,26,Bed Based Capacity,33,37,26,7,4,,,,,,78.79,
7500879,2,Bed Based Capacity,3,5,2,1,2,,,,,,66.67,
7500880,78,Room Based Capacity,,,,,,24,27,24,0,3,,100
7500881,19,Bed Based Capacity,19,19,19,0,0,,,,,,100,
7500882,26,Room Based Capacity,,,,,,28,28,26,2,0,,92.86
7500883,23,Bed Based Capacity,25,25,23,2,0,,,,,,92,
7500884,25,Bed Based Capacity,25,25,25,0,0,,,,,,100,
7500885,23,Bed Based Capacity,24,24,23,1,0,,,,,,95.83,
7500886,10,Bed Based Capacity,19,19,10,9,0,,,,,,52.63,
7500887,7,Bed Based Capacity,19,20,7,12,1,,,,,,36.84,
7500888,22,Bed Based Capacity,23,23,22,1,0,,,,,,95.65,
7500889,13,Bed Based Capacity,14,14,13,1,0,,,,,,92.86,
7500890,8,Bed Based Capacity,10,10,8,2,0,,,,,,80,
7500891,29,Bed Based Capacity,29,31,29,0,2,,,,,,100,
7500892,8,Bed Based Capacity,8,8,8,0,0,,,,,,100,
7500893,257,Room Based Capacity,,,,,,92,113,92,0,21,,100
7500894,370,Room Based Capacity,,,,,,114,107,114,0,0,,100
7500895,13,Room Based Capacity,,,,,,13,13,13,0,0,,100
7500896,146,Room Based Capacity,,,,,,142,155,142,0,13,,100
7500897,39,Room Based Capacity,,,,,,39,40,39,0,1,,100
7500898,29,Bed Based Capacity,31,33,29,2,2,,,,,,93.55,
7500899,14,Bed Based Capacity,14,15,14,0,1,,,,,,100,
7500900,54,Room Based Capacity,,,,,,20,30,20,0,10,,100
7500901,210,Room Based Capacity,,,,,,63,65,62,1,2,,98.41
7500902,63,Room Based Capacity,,,,,,70,83,63,7,13,,90
7500903,22,Room Based Capacity,,,,,,11,12,11,0,1,,100
7500904,26,Room Based Capacity,,,,,,13,14,13,0,1,,100
7500905,75,Room Based Capacity,,,,,,75,77,75,0,2,,100
7500906,10,Bed Based Capacity,12,12,10,2,0,,,,,,83.33,
7500907,121,Room Based Capacity,,,,,,68,86,68,0,18,,100
7500908,100,Room Based Capacity,,,,,,100,100,100,0,0,,100
7500909,155,Room Based Capacity,,,,,,43,43,43,0,0,,100
7500910,2,Bed Based Capacity,2,8,2,0,6,,,,,,100,
7500911,88,Room Based Capacity,,,,,,27,40,27,0,13,,100
7500912,32,Room Based Capacity,,,,,,18,18,18,0,0,,100
7500913,46,Room Based Capacity,,,,,,20,20,20,0,0,,100
7500914,35,Bed Based Capacity,35,37,35,0,2,,,,,,100,
7500915,65,Room Based Capacity,,,,,,67,51,61,6,0,,91.04
7500916,24,Bed Based Capacity,24,24,24,0,0,,,,,,100,
7500917,91,Room Based Capacity,,,,,,35,37,35,0,2,,100
7500918,58,Room Based Capacity,,,,,,71,82,52,19,11,,73.24
7500919,57,Room Based Capacity,,,,,,69,30,55,14,0,,79.71
7500920,44,Room Based Capacity,,,,,,23,23,23,0,0,,100
7500921,86,Bed Based Capacity,88,88,86,2,0,,,,,,97.73,
7500922,48,Bed Based Capacity,48,50,48,0,2,,,,,,100,
7500923,41,Bed Based Capacity,51,51,41,10,0,,,,,,80.39,
7500924,72,Bed Based Capacity,72,81,72,0,9,,,,,,100,
7500925,54,Bed Based Capacity,55,72,54,1,17,,,,,,98.18,
7500926,17,Bed Based Capacity,22,22,17,5,0,,,,,,77.27,
7500927,10,Bed Based Capacity,20,20,10,10,0,,,,,,50,
7500928,46,Bed Based Capacity,46,55,46,0,9,,,,,,100,
7500929,15,Bed Based Capacity,15,19,15,0,4,,,,,,100,
7500930,13,Bed Based Capacity,13,27,13,0,14,,,,,,100,
7500931,70,Room Based Capacity,,,,,,65,71,64,1,6,,98.46
7500932,4,Bed Based Capacity,4,9,4,0,5,,,,,,100,
7500933,71,Bed Based Capacity,73,74,71,2,1,,,,,,97.26,
7500934,33,Bed Based Capacity,34,34,33,1,0,,,,,,97.06,
7500935,53,Bed Based Capacity,55,55,53,2,0,,,,,,96.36,
7500936,21,Bed Based Capacity,21,21,21,0,0,,,,,,100,
7500937,1,Bed Based Capacity,2,2,1,1,0,,,,,,50,
7500938,37,Room Based Capacity,,,,,,38,42,37,1,4,,97.37
7500939,51,Bed Based Capacity,51,53,51,0,2,,,,,,100,
7500940,26,Bed Based Capacity,28,28,26,2,0,,,,,,92.86,
7500941,37,Bed Based Capacity,38,44,37,1,6,,,,,,97.37,
7500942,50,Bed Based Capacity,50,50,50,0,0,,,,,,100,
7500943,245,Room Based Capacity,,,,,,233,245,228,5,12,,97.85
7500944,41,Bed Based Capacity,41,41,41,0,0,,,,,,100,
7500945,87,Room Based Capacity,,,,,,87,92,87,0,5,,100
7500946,54,Room Based Capacity,,,,,,52,52,52,0,0,,100
7500947,22,Bed Based Capacity,22,22,22,0,0,,,,,,100,
7500948,42,Bed Based Capacity,44,50,42,2,6,,,,,,95.45,
7500949,15,Bed Based Capacity,16,16,15,1,0,,,,,,93.75,
7500950,38,Room Based Capacity,,,,,,38,41,38,0,3,,100
7500951,5,Bed Based Capacity,5,5,5,0,0,,,,,,100,
7500952,10,Bed Based Capacity,11,11,10,1,0,,,,,,90.91,
7500953,33,Bed Based Capacity,37,37,33,4,0,,,,,,89.19,
7500954,24,Bed Based Capacity,24,24,24,0,0,,,,,,100,
7500955,35,Bed Based Capacity,44,44,35,9,0,,,,,,79.55,
7500956,23,Bed Based Capacity,23,23,23,0,0,,,,,,100,
7500957,52,Bed Based Capacity,52,54,52,0,2,,,,,,100,
7500958,275,Room Based Capacity,,,,,,266,271,266,0,5,,100
7500959,34,Bed Based Capacity,34,45,34,0,11,,,,,,100,
7500960,4,Bed Based Capacity,5,5,4,1,0,,,,,,80,
7500961,27,Bed Based Capacity,28,28,27,1,0,,,,,,96.43,
7500962,18,Bed Based Capacity,25,25,18,7,0,,,,,,72,
7500963,25,Bed Based Capacity,25,25,25,0,0,,,,,,100,
7500964,5,Bed Based Capacity,5,5,5,0,0,,,,,,100,
7500965,46,Room Based Capacity,,,,,,46,47,46,0,1,,100
7500966,48,Bed Based Capacity,48,50,48,0,2,,,,,,100,
7500967,99,Room Based Capacity,,,,,,90,94,90,0,4,,100
7500968,58,Bed Based Capacity,60,70,58,2,10,,,,,,96.67,
7500969,17,Bed Based Capacity,19,19,17,2,0,,,,,,89.47,
7500970,29,Bed Based Capacity,30,31,29,1,1,,,,,,96.67,
7500971,53,Bed Based Capacity,53,55,53,0,2,,,,,,100,
7500972,48,Room Based Capacity,,,,,,48,100,48,0,52,,100
7500973,255,Room Based Capacity,,,,,,228,235,228,0,7,,100
7500974,286,Room Based Capacity,,,,,,250,263,250,0,13,,100
7500975,59,Bed Based Capacity,60,60,59,1,0,,,,,,98.33,
7500976,69,Bed Based Capacity,71,71,69,2,0,,,,,,97.18,
7500977,183,Bed Based Capacity,184,184,183,1,0,,,,,,99.46,
7500978,36,Bed Based Capacity,37,37,36,1,0,,,,,,97.3,
7500979,111,Bed Based Capacity,115,115,111,4,0,,,,,,96.52,
7500980,34,Bed Based Capacity,35,35,34,1,0,,,,,,97.14,
7500981,45,Bed Based Capacity,45,51,45,0,6,,,,,,100,
7500982,1,Bed Based Capacity,1,3,1,0,2,,,,,,100,
7500983,22,Bed Based Capacity,35,83,22,13,48,,,,,,62.86,
7500984,15,Bed Based Capacity,18,18,15,3,0,,,,,,83.33,
7500985,34,Room Based Capacity,,,,,,35,40,34,1,5,,97.14
7500986,15,Bed Based Capacity,15,15,15,0,0,,,,,,100,
7500987,27,Bed Based Capacity,27,27,27,0,0,,,,,,100,
7500988,42,Bed Based Capacity,44,44,42,2,0,,,,,,95.45,
7500989,12,Bed Based Capacity,17,17,12,5,0,,,,,,70.59,
7500990,7,Bed Based Capacity,9,9,7,2,0,,,,,,77.78,
7500991,9,Room Based Capacity,,,,,,14,14,9,5,0,,64.29
7500992,16,Bed Based Capacity,19,19,16,3,0,,,,,,84.21,
7500993,15,Bed Based Capacity,15,15,15,0,0,,,,,,100,
7500994,18,Bed Based Capacity,18,20,18,0,2,,,,,,100,
7500995,21,Bed Based Capacity,22,27,21,1,5,,,,,,95.45,
7500996,23,Bed Based Capacity,24,30,23,1,6,,,,,,95.83,
7500997,19,Bed Based Capacity,19,19,19,0,0,,,,,,100,
7500998,42,Bed Based Capacity,42,43,42,0,1,,,,,,100,
7500999,30,Room Based Capacity,,,,,,30,32,30,0,2,,100
7501000,26,Bed Based Capacity,26,28,26,0,2,,,,,,100,
7501001,47,Room Based Capacity,,,,,,33,34,33,0,1,,100
7501002,216,Room Based Capacity,,,,,,64,75,63,1,11,,98.44
7501003,61,Bed Based Capacity,64,67,61,3,3,,,,,,95.31,
7501004,60,Room Based Capacity,,,,,,23,28,20,3,5,,86.96
7501005,49,Bed Based Capacity,49,49,49,0,0,,,,,,100,
7501006,73,Room Based Capacity,,,,,,73,73,73,0,0,,100
7501007,51,Bed Based Capacity,51,54,51,0,3,,,,,,100,
7501008,124,Room Based Capacity,,,,,,124,131,124,0,7,,100
7501009,218,Bed Based Capacity,219,222,218,1,3,,,,,,99.54,
7501010,31,Bed Based Capacity,31,36,31,0,5,,,,,,100,
7501011,72,Room Based Capacity,,,,,,72,77,72,0,5,,100
7501012,35,Bed Based Capacity,39,39,35,4,0,,,,,,89.74,
7501013,28,Bed Based Capacity,29,30,28,1,1,,,,,,96.55,
7501014,40,Bed Based Capacity,40,40,40,0,0,,,,,,100,
7501015,10,Room Based Capacity,,,,,,3,3,3,0,0,,100
7501016,6,Bed Based Capacity,6,6,6,0,0,,,,,,100,
7501017,16,Bed Based Capacity,16,16,16,0,0,,,,,,100,
7501018,26,Bed Based Capacity,33,37,26,7,4,,,,,,78.79,
7501019,2,Bed Based Capacity,3,5,2,1,2,,,,,,66.67,
7501020,78,Room Based Capacity,,,,,,24,27,24,0,3,,100
7501021,18,Bed Based Capacity,19,19,18,1,0,,,,,,94.74,
7501022,27,Room Based Capacity,,,,,,28,28,27,1,0,,96.43
7501023,23,Bed Based Capacity,25,25,23,2,0,,,,,,92,
7501024,25,Bed Based Capacity,25,25,25,0,0,,,,,,100,
7501025,24,Bed Based Capacity,24,24,24,0,0,,,,,,100,
7501026,10,Bed Based Capacity,19,19,10,9,0,,,,,,52.63,
7501027,7,Bed Based Capacity,19,20,7,12,1,,,,,,36.84,
7501028,23,Bed Based Capacity,23,23,23,0,0,,,,,,100,
7501029,13,Bed Based Capacity,14,14,13,1,0,,,,,,92.86,
7501030,9,Bed Based Capacity,10,10,9,1,0,,,,,,90,
7501031,29,Bed Based Capacity,29,31,29,0,2,,,,,,100,
7501032,8,Bed Based Capacity,8,8,8,0,0,,,,,,100,
7501033,257,Room Based Capacity,,,,,,91,113,91,0,22,,100
7501034,376,Room Based Capacity,,,,,,116,107,116,0,0,,100
7501035,13,Room Based Capacity,,,,,,13,13,13,0,0,,100
7501036,146,Room Based Capacity,,,,,,142,155,142,0,13,,100
7501037,38,Room Based Capacity,,,,,,38,40,38,0,2,,100
7501038,31,Bed Based Capacity,31,33,31,0,2,,,,,,100,
7501039,14,Bed Based Capacity,14,15,14,0,1,,,,,,100,
7501040,54,Room Based Capacity,,,,,,20,30,20,0,10,,100
7501041,210,Room Based Capacity,,,,,,63,65,62,1,2,,98.41
7501042,66,Room Based Capacity,,,,,,69,83,66,3,14,,95.65
7501043,22,Room Based Capacity,,,,,,11,12,11,0,1,,100
7501044,26,Room Based Capacity,,,,,,13,14,13,0,1,,100
7501045,76,Room Based Capacity,,,,,,76,77,76,0,1,,100
7501046,9,Bed Based Capacity,12,12,9,3,0,,,,,,75,
7501047,123,Room Based Capacity,,,,,,69,86,69,0,17,,100
7501048,99,Room Based Capacity,,,,,,100,100,99,1,0,,99
7501049,155,Room Based Capacity,,,,,,43,43,43,0,0,,100
7501050,2,Bed Based Capacity,2,8,2,0,6,,,,,,100,
7501051,88,Room Based Capacity,,,,,,27,40,27,0,13,,100
7501052,32,Room Based Capacity,,,,,,18,18,18,0,0,,100
7501053,46,Room Based Capacity,,,,,,20,20,20,0,0,,100
7501054,5,Bed Based Capacity,5,15,5,0,10,,,,,,100,
7501055,35,Bed Based Capacity,35,37,35,0,2,,,,,,100,
7501056,65,Room Based Capacity,,,,,,67,51,61,6,0,,91.04
7501057,24,Bed Based Capacity,24,24,24,0,0,,,,,,100,
7501058,90,Room Based Capacity,,,,,,35,37,35,0,2,,100
7501059,57,Room Based Capacity,,,,,,71,82,51,20,11,,71.83
7501060,55,Room Based Capacity,,,,,,70,30,53,17,0,,75.71
7501061,44,Room Based Capacity,,,,,,23,23,23,0,0,,100
7501062,86,Bed Based Capacity,88,88,86,2,0,,,,,,97.73,
7501063,49,Bed Based Capacity,49,50,49,0,1,,,,,,100,
7501064,41,Bed Based Capacity,51,51,41,10,0,,,,,,80.39,
7501065,72,Bed Based Capacity,72,81,72,0,9,,,,,,100,
7501066,55,Bed Based Capacity,55,72,55,0,17,,,,,,100,
7501067,17,Bed Based Capacity,22,22,17,5,0,,,,,,77.27,
7501068,10,Bed Based Capacity,20,20,10,10,0,,,,,,50,
7501069,46,Bed Based Capacity,46,55,46,0,9,,,,,,100,
7501070,15,Bed Based Capacity,19,19,15,4,0,,,,,,78.95,
7501071,13,Bed Based Capacity,13,27,13,0,14,,,,,,100,
7501072,71,Room Based Capacity,,,,,,65,71,65,0,6,,100
7501073,7,Bed Based Capacity,9,9,7,2,0,,,,,,77.78,
7501074,72,Bed Based Capacity,73,74,72,1,1,,,,,,98.63,
7501075,34,Bed Based Capacity,34,34,34,0,0,,,,,,100,
7501076,54,Bed Based Capacity,55,55,54,1,0,,,,,,98.18,
7501077,21,Bed Based Capacity,21,21,21,0,0,,,,,,100,
7501078,40,Room Based Capacity,,,,,,42,42,40,2,0,,95.24
7501079,51,Bed Based Capacity,51,53,51,0,2,,,,,,100,
7501080,27,Bed Based Capacity,28,28,27,1,0,,,,,,96.43,
7501081,38,Bed Based Capacity,38,44,38,0,6,,,,,,100,
7501082,50,Bed Based Capacity,50,50,50,0,0,,,,,,100,
7501083,243,Room Based Capacity,,,,,,233,245,226,7,12,,97
7501084,41,Bed Based Capacity,41,41,41,0,0,,,,,,100,
7501085,87,Room Based Capacity,,,,,,87,92,87,0,5,,100
7501086,53,Room Based Capacity,,,,,,51,52,51,0,1,,100
7501087,22,Bed Based Capacity,22,22,22,0,0,,,,,,100,
7501088,42,Bed Based Capacity,44,50,42,2,6,,,,,,95.45,
7501089,16,Bed Based Capacity,16,16,16,0,0,,,,,,100,
7501090,38,Room Based Capacity,,,,,,38,41,38,0,3,,100
7501091,5,Bed Based Capacity,5,5,5,0,0,,,,,,100,
7501092,10,Bed Based Capacity,11,11,10,1,0,,,,,,90.91,
7501093,33,Bed Based Capacity,37,37,33,4,0,,,,,,89.19,
7501094,24,Bed Based Capacity,24,24,24,0,0,,,,,,100,
7501095,29,Bed Based Capacity,44,44,29,15,0,,,,,,65.91,
7501096,22,Bed Based Capacity,23,23,22,1,0,,,,,,95.65,
7501097,52,Bed Based Capacity,52,54,52,0,2,,,,,,100,
7501098,274,Room Based Capacity,,,,,,265,271,265,0,6,,100
7501099,32,Bed Based Capacity,34,45,32,2,11,,,,,,94.12,
7501100,4,Bed Based Capacity,5,5,4,1,0,,,,,,80,
7501101,27,Bed Based Capacity,28,28,27,1,0,,,,,,96.43,
7501102,19,Bed Based Capacity,25,25,19,6,0,,,,,,76,
7501103,24,Bed Based Capacity,25,25,24,1,0,,,,,,96,
7501104,5,Bed Based Capacity,5,5,5,0,0,,,,,,100,
7501105,46,Room Based Capacity,,,,,,46,47,46,0,1,,100
7501106,48,Bed Based Capacity,48,50,48,0,2,,,,,,100,
7501107,98,Room Based Capacity,,,,,,90,94,90,0,4,,100
7501108,57,Bed Based Capacity,57,70,57,0,13,,,,,,100,
7501109,18,Bed Based Capacity,18,19,18,0,1,,,,,,100,
7501110,30,Bed Based Capacity,30,31,30,0,1,,,,,,100,
7501111,52,Bed Based Capacity,52,55,52,0,3,,,,,,100,
7501112,56,Room Based Capacity,,,,,,56,100,56,0,44,,100
7501113,253,Room Based Capacity,,,,,,226,235,226,0,9,,100
7501114,285,Room Based Capacity,,,,,,249,263,249,0,14,,100
7501115,59,Bed Based Capacity,60,60,59,1,0,,,,,,98.33,
7501116,71,Bed Based Capacity,71,71,71,0,0,,,,,,100,
7501117,182,Bed Based Capacity,184,184,182,2,0,,,,,,98.91,
7501118,37,Bed Based Capacity,37,37,37,0,0,,,,,,100,
7501119,115,Bed Based Capacity,115,115,115,0,0,,,,,,100,
7501120,35,Bed Based Capacity,35,35,35,0,0,,,,,,100,
7501121,45,Bed Based Capacity,45,51,45,0,6,,,,,,100,
7501122,1,Bed Based Capacity,1,3,1,0,2,,,,,,100,
7501123,15,Bed Based Capacity,35,83,15,20,48,,,,,,42.86,
7501124,15,Bed Based Capacity,18,18,15,3,0,,,,,,83.33,
7501125,35,Room Based Capacity,,,,,,35,40,35,0,5,,100
7501126,15,Bed Based Capacity,15,15,15,0,0,,,,,,100,
7501127,27,Bed Based Capacity,27,27,27,0,0,,,,,,100,
7501128,40,Bed Based Capacity,44,44,40,4,0,,,,,,90.91,
7501129,12,Bed Based Capacity,17,17,12,5,0,,,,,,70.59,
7501130,7,Bed Based Capacity,9,9,7,2,0,,,,,,77.78,
7501131,9,Room Based Capacity,,,,,,14,14,9,5,0,,64.29
7501132,18,Bed Based Capacity,19,19,18,1,0,,,,,,94.74,
7501133,15,Bed Based Capacity,15,15,15,0,0,,,,,,100,
7501134,17,Bed Based Capacity,17,20,17,0,3,,,,,,100,
7501135,22,Bed Based Capacity,22,27,22,0,5,,,,,,100,
7501136,23,Bed Based Capacity,24,30,23,1,6,,,,,,95.83,
7501137,19,Bed Based Capacity,19,19,19,0,0,,,,,,100,
7501138,42,Bed Based Capacity,42,43,42,0,1,,,,,,100,
7501139,30,Room Based Capacity,,,,,,30,32,30,0,2,,100
7501140,28,Bed Based Capacity,28,28,28,0,0,,,,,,100,
7501141,47,Room Based Capacity,,,,,,33,34,33,0,1,,100
7501142,216,Room Based Capacity,,,,,,64,75,63,1,11,,98.44
7501143,62,Bed Based Capacity,62,67,62,0,5,,,,,,100,
7501144,60,Room Based Capacity,,,,,,23,28,20,3,5,,86.96
7501145,49,Bed Based Capacity,49,49,49,0,0,,,,,,100,
7501146,73,Room Based Capacity,,,,,,73,73,73,0,0,,100
7501147,51,Bed Based Capacity,51,54,51,0,3,,,,,,100,
7501148,123,Room Based Capacity,,,,,,126,131,123,3,5,,97.62
7501149,219,Bed Based Capacity,219,222,219,0,3,,,,,,100,
7501150,32,Bed Based Capacity,32,36,32,0,4,,,,,,100,
7501151,72,Room Based Capacity,,,,,,72,77,72,0,5,,100
7501152,35,Bed Based Capacity,39,39,35,4,0,,,,,,89.74,
7501153,28,Bed Based Capacity,29,30,28,1,1,,,,,,96.55,
7501154,40,Bed Based Capacity,40,40,40,0,0,,,,,,100,
7501155,10,Room Based Capacity,,,,,,3,3,3,0,0,,100
7501156,6,Bed Based Capacity,6,6,6,0,0,,,,,,100,
7501157,16,Bed Based Capacity,16,16,16,0,0,,,,,,100,
7501158,24,Bed Based Capacity,26,37,24,2,11,,,,,,92.31,
7501159,3,Bed Based Capacity,3,5,3,0,2,,,,,,100,
7501160,78,Room Based Capacity,,,,,,24,27,24,0,3,,100
7501161,19,Bed Based Capacity,19,19,19,0,0,,,,,,100,
7501162,27,Room Based Capacity,,,,,,28,28,27,1,0,,96.43
7501163,23,Bed Based Capacity,25,25,23,2,0,,,,,,92,
7501164,25,Bed Based Capacity,25,25,25,0,0,,,,,,100,
7501165,24,Bed Based Capacity,24,24,24,0,0,,,,,,100,
7501166,11,Bed Based Capacity,14,19,11,3,5,,,,,,78.57,
7501167,8,Bed Based Capacity,20,20,8,12,0,,,,,,40,
7501168,23,Bed Based Capacity,23,23,23,0,0,,,,,,100,
7501169,13,Bed Based Capacity,14,14,13,1,0,,,,,,92.86,
7501170,10,Bed Based Capacity,10,10,10,0,0,,,,,,100,
7501171,29,Bed Based Capacity,29,31,29,0,2,,,,,,100,
7501172,8,Bed Based Capacity,8,8,8,0,0,,,,,,100,
7501173,260,Room Based Capacity,,,,,,92,113,92,0,21,,100
7501174,384,Room Based Capacity,,,,,,118,107,118,0,0,,100
7501175,13,Room Based Capacity,,,,,,13,13,13,0,0,,100
7501176,148,Room Based Capacity,,,,,,144,155,144,0,11,,100
7501177,38,Room Based Capacity,,,,,,38,40,38,0,2,,100
7501178,31,Bed Based Capacity,31,33,31,0,2,,,,,,100,
7501179,14,Bed Based Capacity,14,15,14,0,1,,,,,,100,
7501180,54,Room Based Capacity,,,,,,20,30,20,0,10,,100
7501181,210,Room Based Capacity,,,,,,63,65,62,1,2,,98.41
7501182,67,Room Based Capacity,,,,,,69,83,67,2,14,,97.1
7501183,22,Room Based Capacity,,,,,,11,12,11,0,1,,100
7501184,26,Room Based Capacity,,,,,,13,14,13,0,1,,100
7501185,75,Room Based Capacity,,,,,,75,77,75,0,2,,100
7501186,8,Bed Based Capacity,12,12,8,4,0,,,,,,66.67,
7501187,126,Room Based Capacity,,,,,,69,86,69,0,17,,100
7501188,100,Room Based Capacity,,,,,,100,100,100,0,0,,100
7501189,155,Room Based Capacity,,,,,,43,43,43,0,0,,100
7501190,2,Bed Based Capacity,2,8,2,0,6,,,,,,100,
7501191,88,Room Based Capacity,,,,,,27,27,27,0,0,,100
7501192,32,Room Based Capacity,,,,,,18,18,18,0,0,,100
7501193,46,Room Based Capacity,,,,,,20,20,20,0,0,,100
7501194,5,Bed Based Capacity,5,15,5,0,10,,,,,,100,
7501195,35,Bed Based Capacity,35,37,35,0,2,,,,,,100,
7501196,65,Room Based Capacity,,,,,,67,51,62,5,0,,92.54
7501197,24,Bed Based Capacity,24,24,24,0,0,,,,,,100,
7501198,91,Room Based Capacity,,,,,,35,37,35,0,2,,100
7501199,45,Room Based Capacity,,,,,,71,82,39,32,11,,54.93
7501200,58,Room Based Capacity,,,,,,70,30,56,14,0,,80
7501201,45,Room Based Capacity,,,,,,23,23,23,0,0,,100
7501202,86,Bed Based Capacity,88,88,86,2,0,,,,,,97.73,
7501203,50,Bed Based Capacity,50,50,50,0,0,,,,,,100,
7501204,41,Bed Based Capacity,48,51,41,7,3,,,,,,85.42,
7501205,70,Bed Based Capacity,72,81,70,2,9,,,,,,97.22,
7501206,55,Bed Based Capacity,55,72,55,0,17,,,,,,100,
7501207,17,Bed Based Capacity,22,22,17,5,0,,,,,,77.27,
7501208,10,Bed Based Capacity,20,20,10,10,0,,,,,,50,
7501209,46,Bed Based Capacity,46,55,46,0,9,,,,,,100,
7501210,19,Bed Based Capacity,19,19,19,0,0,,,,,,100,
7501211,13,Bed Based Capacity,13,27,13,0,14,,,,,,100,
7501212,71,Room Based Capacity,,,,,,65,71,65,0,6,,100
7501213,6,Bed Based Capacity,9,9,6,3,0,,,,,,66.67,
7501214,73,Bed Based Capacity,73,74,73,0,1,,,,,,100,
7501215,32,Bed Based Capacity,34,34,32,2,0,,,,,,94.12,
7501216,54,Bed Based Capacity,55,55,54,1,0,,,,,,98.18,
7501217,7,Room Based Capacity,,,,,,11,11,7,4,0,,63.64
7501218,21,Bed Based Capacity,21,21,21,0,0,,,,,,100,
7501219,41,Room Based Capacity,,,,,,42,42,41,1,0,,97.62
7501220,50,Bed Based Capacity,51,53,50,1,2,,,,,,98.04,
7501221,27,Bed Based Capacity,28,28,27,1,0,,,,,,96.43,
7501222,40,Bed Based Capacity,40,44,40,0,4,,,,,,100,
7501223,50,Bed Based Capacity,50,50,50,0,0,,,,,,100,
7501224,242,Room Based Capacity,,,,,,233,245,225,8,12,,96.57
7501225,40,Bed Based Capacity,41,41,40,1,0,,,,,,97.56,
7501226,90,Room Based Capacity,,,,,,90,92,90,0,2,,100
7501227,53,Room Based Capacity,,,,,,51,52,51,0,1,,100
7501228,22,Bed Based Capacity,22,22,22,0,0,,,,,,100,
7501229,40,Bed Based Capacity,44,50,40,4,6,,,,,,90.91,
7501230,15,Bed Based Capacity,15,16,15,0,1,,,,,,100,
7501231,39,Room Based Capacity,,,,,,41,41,39,2,0,,95.12
7501232,5,Bed Based Capacity,5,5,5,0,0,,,,,,100,
7501233,10,Bed Based Capacity,11,11,10,1,0,,,,,,90.91,
7501234,33,Bed Based Capacity,37,37,33,4,0,,,,,,89.19,
7501235,24,Bed Based Capacity,24,24,24,0,0,,,,,,100,
7501236,29,Bed Based Capacity,44,44,29,15,0,,,,,,65.91,
7501237,23,Bed Based Capacity,23,23,23,0,0,,,,,,100,
7501238,52,Bed Based Capacity,52,54,52,0,2,,,,,,100,
7501239,276,Room Based Capacity,,,,,,267,271,267,0,4,,100
7501240,32,Bed Based Capacity,32,45,32,0,13,,,,,,100,
7501241,4,Bed Based Capacity,5,5,4,1,0,,,,,,80,
7501242,27,Bed Based Capacity,28,28,27,1,0,,,,,,96.43,
7501243,19,Bed Based Capacity,25,25,19,6,0,,,,,,76,
7501244,25,Bed Based Capacity,25,25,25,0,0,,,,,,100,
7501245,5,Bed Based Capacity,5,5,5,0,0,,,,,,100,
7501246,46,Room Based Capacity,,,,,,46,47,46,0,1,,100
7501247,47,Bed Based Capacity,48,50,47,1,2,,,,,,97.92,
7501248,98,Room Based Capacity,,,,,,91,94,90,1,3,,98.9
7501249,49,Bed Based Capacity,52,70,49,3,18,,,,,,94.23,
7501250,18,Bed Based Capacity,18,19,18,0,1,,,,,,100,
7501251,30,Bed Based Capacity,30,31,30,0,1,,,,,,100,
7501252,52,Bed Based Capacity,52,55,52,0,3,,,,,,100,
7501253,58,Room Based Capacity,,,,,,58,100,58,0,42,,100
7501254,254,Room Based Capacity,,,,,,223,235,223,0,12,,100
7501255,283,Room Based Capacity,,,,,,249,263,247,2,14,,99.2
7501256,59,Bed Based Capacity,59,60,59,0,1,,,,,,100,
7501257,69,Bed Based Capacity,71,71,69,2,0,,,,,,97.18,
7501258,184,Bed Based Capacity,184,184,184,0,0,,,,,,100,
7501259,37,Bed Based Capacity,37,37,37,0,0,,,,,,100,
7501260,115,Bed Based Capacity,115,115,115,0,0,,,,,,100,
7501261,35,Bed Based Capacity,35,35,35,0,0,,,,,,100,
7501262,43,Bed Based Capacity,45,51,43,2,6,,,,,,95.56,
7501263,1,Bed Based Capacity,1,3,1,0,2,,,,,,100,
7501264,12,Bed Based Capacity,14,83,12,2,69,,,,,,85.71,
7501265,18,Bed Based Capacity,18,18,18,0,0,,,,,,100,
7501266,36,Room Based Capacity,,,,,,36,40,36,0,4,,100
7501267,15,Bed Based Capacity,15,15,15,0,0,,,,,,100,
7501268,27,Bed Based Capacity,27,27,27,0,0,,,,,,100,
7501269,39,Bed Based Capacity,44,44,39,5,0,,,,,,88.64,
7501270,12,Bed Based Capacity,17,17,12,5,0,,,,,,70.59,
7501271,7,Bed Based Capacity,9,9,7,2,0,,,,,,77.78,
7501272,9,Room Based Capacity,,,,,,14,14,9,5,0,,64.29
7501273,18,Bed Based Capacity,19,19,18,1,0,,,,,,94.74,
7501274,15,Bed Based Capacity,15,15,15,0,0,,,,,,100,
7501275,17,Bed Based Capacity,17,20,17,0,3,,,,,,100,
7501276,22,Bed Based Capacity,22,27,22,0,5,,,,,,100,
7501277,23,Bed Based Capacity,24,30,23,1,6,,,,,,95.83,
7501278,19,Bed Based Capacity,19,19,19,0,0,,,,,,100,
7501279,42,Bed Based Capacity,42,43,42,0,1,,,,,,100,
7501280,30,Room Based Capacity,,,,,,30,32,30,0,2,,100
7501281,28,Bed Based Capacity,28,28,28,0,0,,,,,,100,
7501282,47,Room Based Capacity,,,,,,33,34,33,0,1,,100
7501283,216,Room Based Capacity,,,,,,64,75,63,1,11,,98.44
7501284,62,Bed Based Capacity,62,67,62,0,5,,,,,,100,
7501285,60,Room Based Capacity,,,,,,23,28,20,3,5,,86.96
7501286,49,Bed Based Capacity,49,49,49,0,0,,,,,,100,
7501287,72,Room Based Capacity,,,,,,73,73,72,1,0,,98.63
7501288,50,Bed Based Capacity,50,54,50,0,4,,,,,,100,
7501289,128,Room Based Capacity,,,,,,128,131,128,0,3,,100
7501290,219,Bed Based Capacity,219,222,219,0,3,,,,,,100,
7501291,32,Bed Based Capacity,32,36,32,0,4,,,,,,100,
7501292,72,Room Based Capacity,,,,,,72,77,72,0,5,,100
7501293,35,Bed Based Capacity,39,39,35,4,0,,,,,,89.74,
7501294,28,Bed Based Capacity,29,30,28,1,1,,,,,,96.55,
7501295,40,Bed Based Capacity,40,40,40,0,0,,,,,,100,
7501296,12,Room Based Capacity,,,,,,3,3,3,0,0,,100
7501297,6,Bed Based Capacity,6,6,6,0,0,,,,,,100,
7501298,16,Bed Based Capacity,16,16,16,0,0,,,,,,100,
7501299,29,Bed Based Capacity,29,37,29,0,8,,,,,,100,
7501300,3,Bed Based Capacity,3,5,3,0,2,,,,,,100,
7501301,78,Room Based Capacity,,,,,,24,27,24,0,3,,100
7501302,19,Bed Based Capacity,19,19,19,0,0,,,,,,100,
7501303,28,Room Based Capacity,,,,,,28,28,28,0,0,,100
7501304,23,Bed Based Capacity,25,25,23,2,0,,,,,,92,
7501305,25,Bed Based Capacity,25,25,25,0,0,,,,,,100,
7501306,24,Bed Based Capacity,24,24,24,0,0,,,,,,100,
7501307,11,Bed Based Capacity,12,19,11,1,7,,,,,,91.67,
7501308,11,Bed Based Capacity,20,20,11,9,0,,,,,,55,
7501309,23,Bed Based Capacity,23,23,23,0,0,,,,,,100,
7501310,13,Bed Based Capacity,14,14,13,1,0,,,,,,92.86,
7501311,10,Bed Based Capacity,10,10,10,0,0,,,,,,100,
7501312,29,Bed Based Capacity,29,31,29,0,2,,,,,,100,
7501313,8,Bed Based Capacity,8,8,8,0,0,,,,,,100,
7501314,265,Room Based Capacity,,,,,,93,113,93,0,20,,100
7501315,389,Room Based Capacity,,,,,,119,107,119,0,0,,100
7501316,13,Room Based Capacity,,,,,,13,13,13,0,0,,100
7501317,149,Room Based Capacity,,,,,,145,155,145,0,10,,100
7501318,38,Room Based Capacity,,,,,,38,40,38,0,2,,100
7501319,31,Bed Based Capacity,31,33,31,0,2,,,,,,100,
7501320,14,Bed Based Capacity,14,15,14,0,1,,,,,,100,
7501321,54,Room Based Capacity,,,,,,20,30,20,0,10,,100
7501322,209,Room Based Capacity,,,,,,63,65,62,1,2,,98.41
7501323,68,Room Based Capacity,,,,,,72,83,68,4,11,,94.44
7501324,22,Room Based Capacity,,,,,,11,12,11,0,1,,100
7501325,26,Room Based Capacity,,,,,,13,14,13,0,1,,100
7501326,74,Room Based Capacity,,,,,,75,77,74,1,2,,98.67
7501327,9,Bed Based Capacity,12,12,9,3,0,,,,,,75,
7501328,124,Room Based Capacity,,,,,,68,86,68,0,18,,100
7501329,100,Room Based Capacity,,,,,,100,100,100,0,0,,100
7501330,153,Room Based Capacity,,,,,,42,43,42,0,1,,100
7501331,2,Bed Based Capacity,2,8,2,0,6,,,,,,100,
7501332,88,Room Based Capacity,,,,,,27,40,27,0,13,,100
7501333,32,Room Based Capacity,,,,,,18,18,18,0,0,,100
7501334,46,Room Based Capacity,,,,,,20,20,20,0,0,,100
7501335,4,Bed Based Capacity,5,15,4,1,10,,,,,,80,
7501336,33,Bed Based Capacity,35,37,33,2,2,,,,,,94.29,
7501337,69,Room Based Capacity,,,,,,67,51,65,2,0,,97.01
7501338,23,Bed Based Capacity,24,24,23,1,0,,,,,,95.83,
7501339,92,Room Based Capacity,,,,,,35,37,35,0,2,,100
7501340,34,Room Based Capacity,,,,,,71,82,28,43,11,,39.44
7501341,1,Room Based Capacity,,,,,,8,30,1,7,22,,12.5
7501342,62,Room Based Capacity,,,,,,70,30,57,13,0,,81.43
7501343,46,Room Based Capacity,,,,,,23,23,23,0,0,,100
7501344,88,Bed Based Capacity,88,88,88,0,0,,,,,,100,
7501345,50,Bed Based Capacity,50,50,50,0,0,,,,,,100,
7501346,41,Bed Based Capacity,48,51,41,7,3,,,,,,85.42,
7501347,71,Bed Based Capacity,71,81,71,0,10,,,,,,100,
7501348,55,Bed Based Capacity,55,72,55,0,17,,,,,,100,
7501349,17,Bed Based Capacity,22,22,17,5,0,,,,,,77.27,
7501350,10,Bed Based Capacity,20,20,10,10,0,,,,,,50,
7501351,46,Bed Based Capacity,46,55,46,0,9,,,,,,100,
7501352,18,Bed Based Capacity,19,19,18,1,0,,,,,,94.74,
7501353,13,Bed Based Capacity,13,27,13,0,14,,,,,,100,
7501354,70,Room Based Capacity,,,,,,65,71,65,0,6,,100
7501355,5,Bed Based Capacity,9,9,5,4,0,,,,,,55.56,
7501356,74,Bed Based Capacity,74,74,74,0,0,,,,,,100,
7501357,33,Bed Based Capacity,34,34,33,1,0,,,,,,97.06,
7501358,52,Bed Based Capacity,55,55,52,3,0,,,,,,94.55,
7501359,19,Room Based Capacity,,,,,,19,23,19,0,4,,100
7501360,21,Bed Based Capacity,21,21,21,0,0,,,,,,100,
7501361,42,Room Based Capacity,,,,,,42,42,42,0,0,,100
7501362,49,Bed Based Capacity,50,53,49,1,3,,,,,,98,
7501363,27,Bed Based Capacity,28,28,27,1,0,,,,,,96.43,
7501364,39,Bed Based Capacity,40,44,39,1,4,,,,,,97.5,
7501365,50,Bed Based Capacity,50,50,50,0,0,,,,,,100,
7501366,245,Room Based Capacity,,,,,,228,245,228,0,17,,100
7501367,41,Bed Based Capacity,41,41,41,0,0,,,,,,100,
7501368,90,Room Based Capacity,,,,,,90,92,90,0,2,,100
7501369,54,Room Based Capacity,,,,,,52,52,52,0,0,,100
7501370,22,Bed Based Capacity,22,22,22,0,0,,,,,,100,
7501371,44,Bed Based Capacity,44,50,44,0,6,,,,,,100,
7501372,15,Bed Based Capacity,16,16,15,1,0,,,,,,93.75,
7501373,38,Room Based Capacity,,,,,,38,41,38,0,3,,100
7501374,5,Bed Based Capacity,5,5,5,0,0,,,,,,100,
7501375,10,Bed Based Capacity,11,11,10,1,0,,,,,,90.91,
7501376,32,Bed Based Capacity,37,37,32,5,0,,,,,,86.49,
7501377,24,Bed Based Capacity,24,24,24,0,0,,,,,,100,
7501378,29,Bed Based Capacity,29,44,29,0,15,,,,,,100,
7501379,23,Bed Based Capacity,23,23,23,0,0,,,,,,100,
7501380,52,Bed Based Capacity,53,54,52,1,1,,,,,,98.11,
7501381,276,Room Based Capacity,,,,,,267,271,267,0,4,,100
7501382,32,Bed Based Capacity,32,45,32,0,13,,,,,,100,
7501383,4,Bed Based Capacity,5,5,4,1,0,,,,,,80,
7501384,27,Bed Based Capacity,28,28,27,1,0,,,,,,96.43,
7501385,20,Bed Based Capacity,25,25,20,5,0,,,,,,80,
7501386,24,Bed Based Capacity,25,25,24,1,0,,,,,,96,
7501387,5,Bed Based Capacity,5,5,5,0,0,,,,,,100,
7501388,46,Room Based Capacity,,,,,,46,47,46,0,1,,100
7501389,49,Bed Based Capacity,49,50,49,0,1,,,,,,100,
7501390,99,Room Based Capacity,,,,,,91,94,91,0,3,,100
7501391,50,Bed Based Capacity,52,70,50,2,18,,,,,,96.15,
7501392,19,Bed Based Capacity,19,19,19,0,0,,,,,,100,
7501393,30,Bed Based Capacity,30,31,30,0,1,,,,,,100,
7501394,51,Bed Based Capacity,51,55,51,0,4,,,,,,100,
7501395,70,Room Based Capacity,,,,,,70,100,70,0,30,,100
7501396,250,Room Based Capacity,,,,,,220,235,220,0,15,,100
7501397,286,Room Based Capacity,,,,,,251,263,251,0,12,,100
7501398,59,Bed Based Capacity,60,60,59,1,0,,,,,,98.33,
7501399,71,Bed Based Capacity,71,71,71,0,0,,,,,,100,
7501400,183,Bed Based Capacity,184,184,183,1,0,,,,,,99.46,
7501401,37,Bed Based Capacity,37,37,37,0,0,,,,,,100,
7501402,115,Bed Based Capacity,115,115,115,0,0,,,,,,100,
7501403,35,Bed Based Capacity,35,35,35,0,0,,,,,,100,
7501404,45,Bed Based Capacity,45,51,45,0,6,,,,,,100,
7501405,1,Bed Based Capacity,14,83,1,13,69,,,,,,7.14,
7501406,18,Bed Based Capacity,18,18,18,0,0,,,,,,100,
7501407,36,Room Based Capacity,,,,,,36,40,36,0,4,,100
7501408,15,Bed Based Capacity,15,15,15,0,0,,,,,,100,
7501409,27,Bed Based Capacity,27,27,27,0,0,,,,,,100,
7501410,41,Bed Based Capacity,44,44,41,3,0,,,,,,93.18,
7501411,12,Bed Based Capacity,17,17,12,5,0,,,,,,70.59,
7501412,7,Bed Based Capacity,9,9,7,2,0,,,,,,77.78,
7501413,9,Room Based Capacity,,,,,,14,14,9,5,0,,64.29
7501414,19,Bed Based Capacity,19,19,19,0,0,,,,,,100,
7501415,15,Bed Based Capacity,15,15,15,0,0,,,,,,100,
7501416,18,Bed Based Capacity,18,20,18,0,2,,,,,,100,
7501417,22,Bed Based Capacity,22,27,22,0,5,,,,,,100,
7501418,24,Bed Based Capacity,25,30,24,1,5,,,,,,96,
7501419,19,Bed Based Capacity,19,19,19,0,0,,,,,,100,
7501420,42,Bed Based Capacity,42,43,42,0,1,,,,,,100,
7501421,30,Room Based Capacity,,,,,,30,32,30,0,2,,100
7501422,28,Bed Based Capacity,28,28,28,0,0,,,,,,100,
7501423,47,Room Based Capacity,,,,,,33,34,33,0,1,,100
7501424,216,Room Based Capacity,,,,,,64,75,63,1,11,,98.44
7501425,63,Bed Based Capacity,67,67,63,4,0,,,,,,94.03,
7501426,60,Room Based Capacity,,,,,,23,28,20,3,5,,86.96
7501427,49,Bed Based Capacity,49,49,49,0,0,,,,,,100,
7501428,72,Room Based Capacity,,,,,,72,73,72,0,1,,100
7501429,50,Bed Based Capacity,50,54,50,0,4,,,,,,100,
7501430,129,Room Based Capacity,,,,,,129,131,129,0,2,,100
7501431,220,Bed Based Capacity,220,222,220,0,2,,,,,,100,
7501432,31,Bed Based Capacity,31,36,31,0,5,,,,,,100,
7501433,72,Room Based Capacity,,,,,,72,77,72,0,5,,100
7501434,39,Bed Based Capacity,39,39,39,0,0,,,,,,100,
7501435,28,Bed Based Capacity,29,30,28,1,1,,,,,,96.55,
7501436,40,Bed Based Capacity,40,40,40,0,0,,,,,,100,
7501437,12,Room Based Capacity,,,,,,3,3,3,0,0,,100
7501438,6,Bed Based Capacity,6,6,6,0,0,,,,,,100,
7501439,16,Bed Based Capacity,16,16,16,0,0,,,,,,100,
7501440,29,Bed Based Capacity,29,37,29,0,8,,,,,,100,
7501441,3,Bed Based Capacity,3,5,3,0,2,,,,,,100,
7501442,78,Room Based Capacity,,,,,,24,27,24,0,3,,100
7501443,19,Bed Based Capacity,19,19,19,0,0,,,,,,100,
7501444,28,Room Based Capacity,,,,,,28,28,28,0,0,,100
7501445,23,Bed Based Capacity,25,25,23,2,0,,,,,,92,
7501446,25,Bed Based Capacity,25,25,25,0,0,,,,,,100,
7501447,22,Bed Based Capacity,24,24,22,2,0,,,,,,91.67,
7501448,11,Bed Based Capacity,12,19,11,1,7,,,,,,91.67,
7501449,11,Bed Based Capacity,20,20,11,9,0,,,,,,55,
7501450,23,Bed Based Capacity,23,23,23,0,0,,,,,,100,
7501451,13,Bed Based Capacity,14,14,13,1,0,,,,,,92.86,
7501452,9,Bed Based Capacity,9,10,9,0,1,,,,,,100,
7501453,29,Bed Based Capacity,29,31,29,0,2,,,,,,100,
7501454,8,Bed Based Capacity,8,8,8,0,0,,,,,,100,
7501455,265,Room Based Capacity,,,,,,93,113,93,0,20,,100
7501456,389,Room Based Capacity,,,,,,119,107,119,0,0,,100
7501457,13,Room Based Capacity,,,,,,13,13,13,0,0,,100
7501458,149,Room Based Capacity,,,,,,145,155,145,0,10,,100
7501459,38,Room Based Capacity,,,,,,38,40,38,0,2,,100
7501460,31,Bed Based Capacity,31,33,31,0,2,,,,,,100,
7501461,14,Bed Based Capacity,14,15,14,0,1,,,,,,100,
7501462,54,Room Based Capacity,,,,,,20,30,20,0,10,,100
7501463,209,Room Based Capacity,,,,,,62,65,62,0,3,,100
7501464,67,Room Based Capacity,,,,,,72,83,67,5,11,,93.06
7501465,22,Room Based Capacity,,,,,,12,12,11,1,0,,91.67
7501466,26,Room Based Capacity,,,,,,13,14,13,0,1,,100
7501467,74,Room Based Capacity,,,,,,74,77,74,0,3,,100
7501468,9,Bed Based Capacity,12,12,9,3,0,,,,,,75,
7501469,126,Room Based Capacity,,,,,,69,86,69,0,17,,100
7501470,100,Room Based Capacity,,,,,,100,100,100,0,0,,100
7501471,153,Room Based Capacity,,,,,,42,43,42,0,1,,100
7501472,2,Bed Based Capacity,2,8,2,0,6,,,,,,100,
7501473,88,Room Based Capacity,,,,,,27,40,27,0,13,,100
7501474,32,Room Based Capacity,,,,,,18,18,18,0,0,,100
7501475,43,Room Based Capacity,,,,,,19,20,19,0,1,,100
7501476,5,Bed Based Capacity,5,15,5,0,10,,,,,,100,
7501477,33,Bed Based Capacity,35,37,33,2,2,,,,,,94.29,
7501478,68,Room Based Capacity,,,,,,67,51,64,3,0,,95.52
7501479,24,Bed Based Capacity,24,24,24,0,0,,,,,,100,
7501480,92,Room Based Capacity,,,,,,35,37,35,0,2,,100
7501481,34,Room Based Capacity,,,,,,71,82,28,43,11,,39.44
7501482,58,Room Based Capacity,,,,,,70,30,53,17,0,,75.71
7501483,45,Room Based Capacity,,,,,,23,23,23,0,0,,100
7501484,88,Bed Based Capacity,88,88,88,0,0,,,,,,100,
7501485,50,Bed Based Capacity,50,50,50,0,0,,,,,,100,
7501486,41,Bed Based Capacity,48,51,41,7,3,,,,,,85.42,
7501487,72,Bed Based Capacity,72,81,72,0,9,,,,,,100,
7501488,55,Bed Based Capacity,55,72,55,0,17,,,,,,100,
7501489,17,Bed Based Capacity,22,22,17,5,0,,,,,,77.27,
7501490,9,Bed Based Capacity,20,20,9,11,0,,,,,,45,
7501491,45,Bed Based Capacity,45,55,45,0,10,,,,,,100,
7501492,15,Bed Based Capacity,19,19,15,4,0,,,,,,78.95,
7501493,13,Bed Based Capacity,13,27,13,0,14,,,,,,100,
7501494,71,Room Based Capacity,,,,,,65,71,65,0,6,,100
7501495,8,Bed Based Capacity,9,9,8,1,0,,,,,,88.89,
7501496,74,Bed Based Capacity,74,74,74,0,0,,,,,,100,
7501497,34,Bed Based Capacity,34,34,34,0,0,,,,,,100,
7501498,54,Bed Based Capacity,55,55,54,1,0,,,,,,98.18,
7501499,19,Room Based Capacity,,,,,,19,23,19,0,4,,100
7501500,21,Bed Based Capacity,21,21,21,0,0,,,,,,100,
7501501,42,Room Based Capacity,,,,,,42,42,42,0,0,,100
7501502,50,Bed Based Capacity,50,53,50,0,3,,,,,,100,
7501503,27,Bed Based Capacity,28,28,27,1,0,,,,,,96.43,
7501504,40,Bed Based Capacity,41,44,40,1,3,,,,,,97.56,
7501505,50,Bed Based Capacity,50,50,50,0,0,,,,,,100,
7501506,245,Room Based Capacity,,,,,,228,245,228,0,17,,100
7501507,41,Bed Based Capacity,41,41,41,0,0,,,,,,100,
7501508,90,Room Based Capacity,,,,,,90,92,90,0,2,,100
7501509,54,Room Based Capacity,,,,,,52,52,52,0,0,,100
7501510,22,Bed Based Capacity,22,22,22,0,0,,,,,,100,
7501511,44,Bed Based Capacity,44,50,44,0,6,,,,,,100,
7501512,16,Bed Based Capacity,16,16,16,0,0,,,,,,100,
7501513,38,Room Based Capacity,,,,,,38,41,38,0,3,,100
7501514,5,Bed Based Capacity,5,5,5,0,0,,,,,,100,
7501515,10,Bed Based Capacity,11,11,10,1,0,,,,,,90.91,
7501516,32,Bed Based Capacity,37,37,32,5,0,,,,,,86.49,
7501517,24,Bed Based Capacity,24,24,24,0,0,,,,,,100,
7501518,29,Bed Based Capacity,29,44,29,0,15,,,,,,100,
7501519,23,Bed Based Capacity,23,23,23,0,0,,,,,,100,
7501520,53,Bed Based Capacity,53,54,53,0,1,,,,,,100,
7501521,274,Room Based Capacity,,,,,,266,271,266,0,5,,100
7501522,32,Bed Based Capacity,32,45,32,0,13,,,,,,100,
7501523,4,Bed Based Capacity,5,5,4,1,0,,,,,,80,
7501524,27,Bed Based Capacity,28,28,27,1,0,,,,,,96.43,
7501525,20,Bed Based Capacity,25,25,20,5,0,,,,,,80,
7501526,24,Bed Based Capacity,25,25,24,1,0,,,,,,96,
7501527,5,Bed Based Capacity,5,5,5,0,0,,,,,,100,
7501528,46,Room Based Capacity,,,,,,46,47,46,0,1,,100
7501529,49,Bed Based Capacity,49,50,49,0,1,,,,,,100,
7501530,99,Room Based Capacity,,,,,,91,94,91,0,3,,100
7501531,52,Bed Based Capacity,53,70,52,1,17,,,,,,98.11,
7501532,19,Bed Based Capacity,19,19,19,0,0,,,,,,100,
7501533,30,Bed Based Capacity,30,31,30,0,1,,,,,,100,
7501534,51,Bed Based Capacity,51,55,51,0,4,,,,,,100,
7501535,71,Room Based Capacity,,,,,,71,100,71,0,29,,100
7501536,250,Room Based Capacity,,,,,,220,235,220,0,15,,100
7501537,287,Room Based Capacity,,,,,,252,263,252,0,11,,100
7501538,60,Bed Based Capacity,60,60,60,0,0,,,,,,100,
7501539,71,Bed Based Capacity,71,71,71,0,0,,,,,,100,
7501540,183,Bed Based Capacity,184,184,183,1,0,,,,,,99.46,
7501541,37,Bed Based Capacity,37,37,37,0,0,,,,,,100,
7501542,115,Bed Based Capacity,115,115,115,0,0,,,,,,100,
7501543,35,Bed Based Capacity,35,35,35,0,0,,,,,,100,
7501544,46,Bed Based Capacity,46,51,46,0,5,,,,,,100,
7501545,18,Bed Based Capacity,18,18,18,0,0,,,,,,100,
7501546,36,Room Based Capacity,,,,,,36,40,36,0,4,,100
7501547,15,Bed Based Capacity,15,15,15,0,0,,,,,,100,
7501548,27,Bed Based Capacity,27,27,27,0,0,,,,,,100,
7501549,42,Bed Based Capacity,44,44,42,2,0,,,,,,95.45,
7501550,12,Bed Based Capacity,17,17,12,5,0,,,,,,70.59,
7501551,7,Bed Based Capacity,9,9,7,2,0,,,,,,77.78,
7501552,9,Room Based Capacity,,,,,,14,14,9,5,0,,64.29
7501553,19,Bed Based Capacity,19,19,19,0,0,,,,,,100,
7501554,15,Bed Based Capacity,15,15,15,0,0,,,,,,100,
7501555,18,Bed Based Capacity,18,20,18,0,2,,,,,,100,
7501556,22,Bed Based Capacity,22,27,22,0,5,,,,,,100,
7501557,24,Bed Based Capacity,25,30,24,1,5,,,,,,96,
7501558,19,Bed Based Capacity,19,19,19,0,0,,,,,,100,
7501559,42,Bed Based Capacity,42,43,42,0,1,,,,,,100,
7501560,30,Room Based Capacity,,,,,,30,32,30,0,2,,100
7501561,28,Bed Based Capacity,28,28,28,0,0,,,,,,100,
7501562,47,Room Based Capacity,,,,,,33,34,33,0,1,,100
7501563,219,Room Based Capacity,,,,,,64,75,64,0,11,,100
7501564,66,Bed Based Capacity,67,67,66,1,0,,,,,,98.51,
7501565,60,Room Based Capacity,,,,,,23,28,20,3,5,,86.96
7501566,49,Bed Based Capacity,49,49,49,0,0,,,,,,100,
7501567,72,Room Based Capacity,,,,,,72,73,72,0,1,,100
7501568,49,Bed Based Capacity,49,54,49,0,5,,,,,,100,
7501569,129,Room Based Capacity,,,,,,129,131,129,0,2,,100
7501570,221,Bed Based Capacity,221,222,221,0,1,,,,,,100,
7501571,31,Bed Based Capacity,31,36,31,0,5,,,,,,100,
7501572,72,Room Based Capacity,,,,,,72,77,72,0,5,,100
7501573,39,Bed Based Capacity,39,39,39,0,0,,,,,,100,
7501574,28,Bed Based Capacity,29,30,28,1,1,,,,,,96.55,
7501575,40,Bed Based Capacity,40,40,40,0,0,,,,,,100,
7501576,12,Room Based Capacity,,,,,,3,3,3,0,0,,100
7501577,6,Bed Based Capacity,6,6,6,0,0,,,,,,100,
7501578,16,Bed Based Capacity,16,16,16,0,0,,,,,,100,
7501579,29,Bed Based Capacity,29,37,29,0,8,,,,,,100,
7501580,3,Bed Based Capacity,3,5,3,0,2,,,,,,100,
7501581,78,Room Based Capacity,,,,,,24,27,24,0,3,,100
7501582,19,Bed Based Capacity,19,19,19,0,0,,,,,,100,
7501583,28,Room Based Capacity,,,,,,28,28,28,0,0,,100
7501584,23,Bed Based Capacity,25,25,23,2,0,,,,,,92,
7501585,25,Bed Based Capacity,25,25,25,0,0,,,,,,100,
7501586,22,Bed Based Capacity,24,24,22,2,0,,,,,,91.67,
7501587,12,Bed Based Capacity,12,19,12,0,7,,,,,,100,
7501588,11,Bed Based Capacity,20,20,11,9,0,,,,,,55,
7501589,23,Bed Based Capacity,23,23,23,0,0,,,,,,100,
7501590,13,Bed Based Capacity,14,14,13,1,0,,,,,,92.86,
7501591,8,Bed Based Capacity,9,10,8,1,1,,,,,,88.89,
7501592,29,Bed Based Capacity,29,31,29,0,2,,,,,,100,
7501593,8,Bed Based Capacity,8,8,8,0,0,,,,,,100,
7501594,261,Room Based Capacity,,,,,,93,113,92,1,20,,98.92
7501595,393,Room Based Capacity,,,,,,120,107,120,0,0,,100
7501596,13,Room Based Capacity,,,,,,13,13,13,0,0,,100
7501597,149,Room Based Capacity,,,,,,145,155,145,0,10,,100
7501598,38,Room Based Capacity,,,,,,38,40,38,0,2,,100
7501599,31,Bed Based Capacity,31,33,31,0,2,,,,,,100,
7501600,14,Bed Based Capacity,14,15,14,0,1,,,,,,100,
7501601,54,Room Based Capacity,,,,,,20,30,20,0,10,,100
7501602,211,Room Based Capacity,,,,,,63,65,63,0,2,,100
7501603,67,Room Based Capacity,,,,,,76,83,67,9,7,,88.16
7501604,22,Room Based Capacity,,,,,,11,12,11,0,1,,100
7501605,24,Room Based Capacity,,,,,,12,14,12,0,2,,100
7501606,74,Room Based Capacity,,,,,,74,77,74,0,3,,100
7501607,9,Bed Based Capacity,12,12,9,3,0,,,,,,75,
7501608,128,Room Based Capacity,,,,,,68,86,68,0,18,,100
7501609,100,Room Based Capacity,,,,,,100,100,100,0,0,,100
7501610,149,Room Based Capacity,,,,,,41,43,41,0,2,,100
7501611,2,Bed Based Capacity,2,8,2,0,6,,,,,,100,
7501612,88,Room Based Capacity,,,,,,27,40,27,0,13,,100
7501613,32,Room Based Capacity,,,,,,18,18,18,0,0,,100
7501614,43,Room Based Capacity,,,,,,19,20,19,0,1,,100
7501615,5,Bed Based Capacity,5,15,5,0,10,,,,,,100,
7501616,33,Bed Based Capacity,35,37,33,2,2,,,,,,94.29,
7501617,68,Room Based Capacity,,,,,,67,51,64,3,0,,95.52
7501618,24,Bed Based Capacity,24,24,24,0,0,,,,,,100,
7501619,92,Room Based Capacity,,,,,,35,37,35,0,2,,100
7501620,34,Room Based Capacity,,,,,,71,82,28,43,11,,39.44
7501621,53,Room Based Capacity,,,,,,70,30,48,22,0,,68.57
7501622,46,Room Based Capacity,,,,,,23,23,23,0,0,,100
7501623,88,Bed Based Capacity,88,88,88,0,0,,,,,,100,
7501624,50,Bed Based Capacity,50,50,50,0,0,,,,,,100,
7501625,41,Bed Based Capacity,41,51,41,0,10,,,,,,100,
7501626,72,Bed Based Capacity,72,81,72,0,9,,,,,,100,
7501627,53,Bed Based Capacity,55,72,53,2,17,,,,,,96.36,
7501628,17,Bed Based Capacity,22,22,17,5,0,,,,,,77.27,
7501629,9,Bed Based Capacity,20,20,9,11,0,,,,,,45,
7501630,45,Bed Based Capacity,45,55,45,0,10,,,,,,100,
7501631,15,Bed Based Capacity,19,19,15,4,0,,,,,,78.95,
7501632,13,Bed Based Capacity,13,27,13,0,14,,,,,,100,
7501633,71,Room Based Capacity,,,,,,65,71,65,0,6,,100
7501634,9,Bed Based Capacity,9,9,9,0,0,,,,,,100,
7501635,74,Bed Based Capacity,74,74,74,0,0,,,,,,100,
7501636,34,Bed Based Capacity,34,34,34,0,0,,,,,,100,
7501637,55,Bed Based Capacity,55,55,55,0,0,,,,,,100,
7501638,19,Room Based Capacity,,,,,,19,23,19,0,4,,100
7501639,21,Bed Based Capacity,21,21,21,0,0,,,,,,100,
7501640,42,Room Based Capacity,,,,,,42,42,42,0,0,,100
7501641,47,Bed Based Capacity,50,53,47,3,3,,,,,,94,
7501642,27,Bed Based Capacity,28,28,27,1,0,,,,,,96.43,
7501643,44,Bed Based Capacity,44,44,44,0,0,,,,,,100,
7501644,49,Bed Based Capacity,50,50,49,1,0,,,,,,98,
7501645,245,Room Based Capacity,,,,,,228,245,228,0,17,,100
7501646,41,Bed Based Capacity,41,41,41,0,0,,,,,,100,
7501647,90,Room Based Capacity,,,,,,90,92,90,0,2,,100
7501648,54,Room Based Capacity,,,,,,52,52,52,0,0,,100
7501649,22,Bed Based Capacity,22,22,22,0,0,,,,,,100,
7501650,43,Bed Based Capacity,44,50,43,1,6,,,,,,97.73,
7501651,16,Bed Based Capacity,16,16,16,0,0,,,,,,100,
7501652,38,Room Based Capacity,,,,,,38,41,38,0,3,,100
7501653,5,Bed Based Capacity,5,5,5,0,0,,,,,,100,
7501654,10,Bed Based Capacity,11,11,10,1,0,,,,,,90.91,
7501655,32,Bed Based Capacity,37,37,32,5,0,,,,,,86.49,
7501656,24,Bed Based Capacity,24,24,24,0,0,,,,,,100,
7501657,29,Bed Based Capacity,29,44,29,0,15,,,,,,100,
7501658,23,Bed Based Capacity,23,23,23,0,0,,,,,,100,
7501659,53,Bed Based Capacity,53,54,53,0,1,,,,,,100,
7501660,274,Room Based Capacity,,,,,,266,271,266,0,5,,100
7501661,31,Bed Based Capacity,32,45,31,1,13,,,,,,96.88,
7501662,4,Bed Based Capacity,5,5,4,1,0,,,,,,80,
7501663,27,Bed Based Capacity,28,28,27,1,0,,,,,,96.43,
7501664,20,Bed Based Capacity,25,25,20,5,0,,,,,,80,
7501665,25,Bed Based Capacity,25,25,25,0,0,,,,,,100,
7501666,5,Bed Based Capacity,5,5,5,0,0,,,,,,100,
7501667,46,Room Based Capacity,,,,,,46,47,46,0,1,,100
7501668,50,Bed Based Capacity,50,50,50,0,0,,,,,,100,
7501669,99,Room Based Capacity,,,,,,91,94,91,0,3,,100
7501670,58,Bed Based Capacity,58,70,58,0,12,,,,,,100,
7501671,19,Bed Based Capacity,19,19,19,0,0,,,,,,100,
7501672,30,Bed Based Capacity,30,31,30,0,1,,,,,,100,
7501673,51,Bed Based Capacity,51,55,51,0,4,,,,,,100,
7501674,71,Room Based Capacity,,,,,,71,100,71,0,29,,100
7501675,248,Room Based Capacity,,,,,,218,235,218,0,17,,100
7501676,285,Room Based Capacity,,,,,,252,263,251,1,11,,99.6
7501677,58,Bed Based Capacity,60,60,58,2,0,,,,,,96.67,
7501678,69,Bed Based Capacity,71,71,69,2,0,,,,,,97.18,
7501679,184,Bed Based Capacity,184,184,184,0,0,,,,,,100,
7501680,36,Bed Based Capacity,37,37,36,1,0,,,,,,97.3,
7501681,115,Bed Based Capacity,115,115,115,0,0,,,,,,100,
7501682,35,Bed Based Capacity,35,35,35,0,0,,,,,,100,
7501683,46,Bed Based Capacity,46,51,46,0,5,,,,,,100,
7501684,18,Bed Based Capacity,18,18,18,0,0,,,,,,100,
7501685,36,Room Based Capacity,,,,,,36,40,36,0,4,,100
7501686,15,Bed Based Capacity,15,15,15,0,0,,,,,,100,
7501687,27,Bed Based Capacity,27,27,27,0,0,,,,,,100,
7501688,44,Bed Based Capacity,44,44,44,0,0,,,,,,100,
7501689,12,Bed Based Capacity,17,17,12,5,0,,,,,,70.59,
7501690,7,Bed Based Capacity,9,9,7,2,0,,,,,,77.78,
7501691,9,Room Based Capacity,,,,,,14,14,9,5,0,,64.29
7501692,18,Bed Based Capacity,19,19,18,1,0,,,,,,94.74,
7501693,15,Bed Based Capacity,15,15,15,0,0,,,,,,100,
7501694,18,Bed Based Capacity,18,20,18,0,2,,,,,,100,
7501695,22,Bed Based Capacity,22,27,22,0,5,,,,,,100,
7501696,24,Bed Based Capacity,25,30,24,1,5,,,,,,96,
7501697,19,Bed Based Capacity,19,19,19,0,0,,,,,,100,
7501698,43,Bed Based Capacity,43,43,43,0,0,,,,,,100,
7501699,30,Room Based Capacity,,,,,,30,32,30,0,2,,100
7501700,27,Bed Based Capacity,27,28,27,0,1,,,,,,100,
7501701,47,Room Based Capacity,,,,,,33,34,33,0,1,,100
7501702,219,Room Based Capacity,,,,,,64,75,64,0,11,,100
7501703,67,Bed Based Capacity,67,67,67,0,0,,,,,,100,
7501704,60,Room Based Capacity,,,,,,23,28,20,3,5,,86.96
7501705,49,Bed Based Capacity,49,49,49,0,0,,,,,,100,
7501706,72,Room Based Capacity,,,,,,72,73,72,0,1,,100
7501707,49,Bed Based Capacity,49,54,49,0,5,,,,,,100,
7501708,129,Room Based Capacity,,,,,,129,131,129,0,2,,100
7501709,220,Bed Based Capacity,221,222,220,1,1,,,,,,99.55,
7501710,31,Bed Based Capacity,31,36,31,0,5,,,,,,100,
7501711,72,Room Based Capacity,,,,,,72,77,72,0,5,,100
7501712,39,Bed Based Capacity,39,39,39,0,0,,,,,,100,
7501713,28,Bed Based Capacity,29,30,28,1,1,,,,,,96.55,
7501714,40,Bed Based Capacity,40,40,40,0,0,,,,,,100,
7501715,12,Room Based Capacity,,,,,,3,3,3,0,0,,100
7501716,6,Bed Based Capacity,6,6,6,0,0,,,,,,100,
7501717,16,Bed Based Capacity,16,16,16,0,0,,,,,,100,
7501718,28,Bed Based Capacity,29,37,28,1,8,,,,,,96.55,
7501719,3,Bed Based Capacity,3,5,3,0,2,,,,,,100,
7501720,78,Room Based Capacity,,,,,,24,27,24,0,3,,100
7501721,19,Bed Based Capacity,19,19,19,0,0,,,,,,100,
7501722,28,Room Based Capacity,,,,,,28,28,28,0,0,,100
7501723,23,Bed Based Capacity,25,25,23,2,0,,,,,,92,
7501724,25,Bed Based Capacity,25,25,25,0,0,,,,,,100,
7501725,22,Bed Based Capacity,24,24,22,2,0,,,,,,91.67,
7501726,12,Bed Based Capacity,12,19,12,0,7,,,,,,100,
7501727,12,Bed Based Capacity,20,20,12,8,0,,,,,,60,
7501728,23,Bed Based Capacity,23,23,23,0,0,,,,,,100,
7501729,13,Bed Based Capacity,14,14,13,1,0,,,,,,92.86,
7501730,8,Bed Based Capacity,9,10,8,1,1,,,,,,88.89,
7501731,29,Bed Based Capacity,29,31,29,0,2,,,,,,100,
7501732,8,Bed Based Capacity,8,8,8,0,0,,,,,,100,
7501733,255,Room Based Capacity,,,,,,91,113,91,0,22,,100
7501734,395,Room Based Capacity,,,,,,121,107,121,0,0,,100
7501735,13,Room Based Capacity,,,,,,13,13,13,0,0,,100
7501736,149,Room Based Capacity,,,,,,145,155,145,0,10,,100
7501737,38,Room Based Capacity,,,,,,38,40,38,0,2,,100
7501738,31,Bed Based Capacity,31,33,31,0,2,,,,,,100,
7501739,14,Bed Based Capacity,14,15,14,0,1,,,,,,100,
7501740,54,Room Based Capacity,,,,,,20,30,20,0,10,,100
7501741,211,Room Based Capacity,,,,,,63,65,63,0,2,,100
7501742,69,Room Based Capacity,,,,,,76,83,69,7,7,,90.79
7501743,21,Room Based Capacity,,,,,,11,12,11,0,1,,100
7501744,28,Room Based Capacity,,,,,,14,14,14,0,0,,100
7501745,73,Room Based Capacity,,,,,,74,77,73,1,3,,98.65
7501746,9,Bed Based Capacity,12,12,9,3,0,,,,,,75,
7501747,127,Room Based Capacity,,,,,,67,86,67,0,19,,100
7501748,100,Room Based Capacity,,,,,,100,100,100,0,0,,100
7501749,149,Room Based Capacity,,,,,,41,43,41,0,2,,100
7501750,2,Bed Based Capacity,2,8,2,0,6,,,,,,100,
7501751,88,Room Based Capacity,,,,,,27,40,27,0,13,,100
7501752,32,Room Based Capacity,,,,,,18,18,18,0,0,,100
7501753,43,Room Based Capacity,,,,,,19,20,19,0,1,,100
7501754,5,Bed Based Capacity,5,15,5,0,10,,,,,,100,
7501755,33,Bed Based Capacity,35,37,33,2,2,,,,,,94.29,
7501756,69,Room Based Capacity,,,,,,67,51,65,2,0,,97.01
7501757,24,Bed Based Capacity,24,24,24,0,0,,,,,,100,
7501758,92,Room Based Capacity,,,,,,35,37,35,0,2,,100
7501759,22,Room Based Capacity,,,,,,71,82,19,52,11,,26.76
7501760,55,Room Based Capacity,,,,,,70,30,50,20,0,,71.43
7501761,46,Room Based Capacity,,,,,,23,23,23,0,0,,100
7501762,88,Bed Based Capacity,88,88,88,0,0,,,,,,100,
7501763,50,Bed Based Capacity,50,50,50,0,0,,,,,,100,
7501764,42,Bed Based Capacity,42,51,42,0,9,,,,,,100,
7501765,72,Bed Based Capacity,72,81,72,0,9,,,,,,100,
7501766,55,Bed Based Capacity,55,72,55,0,17,,,,,,100,
7501767,17,Bed Based Capacity,22,22,17,5,0,,,,,,77.27,
7501768,3,Bed Based Capacity,20,20,3,17,0,,,,,,15,
7501769,45,Bed Based Capacity,45,55,45,0,10,,,,,,100,
7501770,15,Bed Based Capacity,19,19,15,4,0,,,,,,78.95,
7501771,13,Bed Based Capacity,13,27,13,0,14,,,,,,100,
7501772,71,Room Based Capacity,,,,,,65,71,65,0,6,,100
7501773,9,Bed Based Capacity,9,9,9,0,0,,,,,,100,
7501774,74,Bed Based Capacity,74,74,74,0,0,,,,,,100,
7501775,34,Bed Based Capacity,34,34,34,0,0,,,,,,100,
7501776,54,Bed Based Capacity,54,55,54,0,1,,,,,,100,
7501777,28,Room Based Capacity,,,,,,26,29,26,0,3,,100
7501778,21,Bed Based Capacity,21,21,21,0,0,,,,,,100,
7501779,42,Room Based Capacity,,,,,,42,42,42,0,0,,100
7501780,49,Bed Based Capacity,50,53,49,1,3,,,,,,98,
7501781,27,Bed Based Capacity,28,28,27,1,0,,,,,,96.43,
7501782,44,Bed Based Capacity,44,44,44,0,0,,,,,,100,
7501783,50,Bed Based Capacity,50,50,50,0,0,,,,,,100,
7501784,245,Room Based Capacity,,,,,,228,245,228,0,17,,100
7501785,41,Bed Based Capacity,41,41,41,0,0,,,,,,100,
7501786,89,Room Based Capacity,,,,,,90,92,89,1,2,,98.89
7501787,54,Room Based Capacity,,,,,,52,52,52,0,0,,100
7501788,22,Bed Based Capacity,22,22,22,0,0,,,,,,100,
7501789,43,Bed Based Capacity,44,50,43,1,6,,,,,,97.73,
7501790,15,Bed Based Capacity,16,16,15,1,0,,,,,,93.75,
7501791,38,Room Based Capacity,,,,,,40,41,38,2,1,,95
7501792,5,Bed Based Capacity,5,5,5,0,0,,,,,,100,
7501793,10,Bed Based Capacity,11,11,10,1,0,,,,,,90.91,
7501794,32,Bed Based Capacity,37,37,32,5,0,,,,,,86.49,
7501795,24,Bed Based Capacity,24,24,24,0,0,,,,,,100,
7501796,29,Bed Based Capacity,44,44,29,15,0,,,,,,65.91,
7501797,23,Bed Based Capacity,23,23,23,0,0,,,,,,100,
7501798,53,Bed Based Capacity,53,54,53,0,1,,,,,,100,
7501799,274,Room Based Capacity,,,,,,266,271,266,0,5,,100
7501800,30,Bed Based Capacity,30,45,30,0,15,,,,,,100,
7501801,4,Bed Based Capacity,5,5,4,1,0,,,,,,80,
7501802,27,Bed Based Capacity,28,28,27,1,0,,,,,,96.43,
7501803,19,Bed Based Capacity,25,25,19,6,0,,,,,,76,
7501804,25,Bed Based Capacity,25,25,25,0,0,,,,,,100,
7501805,5,Bed Based Capacity,5,5,5,0,0,,,,,,100,
7501806,45,Room Based Capacity,,,,,,45,47,45,0,2,,100
7501807,49,Bed Based Capacity,50,50,49,1,0,,,,,,98,
7501808,99,Room Based Capacity,,,,,,91,94,91,0,3,,100
7501809,59,Bed Based Capacity,60,70,59,1,10,,,,,,98.33,
7501810,19,Bed Based Capacity,19,19,19,0,0,,,,,,100,
7501811,30,Bed Based Capacity,30,31,30,0,1,,,,,,100,
7501812,52,Bed Based Capacity,52,55,52,0,3,,,,,,100,
7501813,71,Room Based Capacity,,,,,,71,100,71,0,29,,100
7501814,243,Room Based Capacity,,,,,,215,235,215,0,20,,100
7501815,285,Room Based Capacity,,,,,,251,263,251,0,12,,100
7501816,59,Bed Based Capacity,60,60,59,1,0,,,,,,98.33,
7501817,71,Bed Based Capacity,71,71,71,0,0,,,,,,100,
7501818,184,Bed Based Capacity,184,184,184,0,0,,,,,,100,
7501819,36,Bed Based Capacity,37,37,36,1,0,,,,,,97.3,
7501820,115,Bed Based Capacity,115,115,115,0,0,,,,,,100,
7501821,34,Bed Based Capacity,35,35,34,1,0,,,,,,97.14,
7501822,45,Bed Based Capacity,46,51,45,1,5,,,,,,97.83,
7501823,18,Bed Based Capacity,18,18,18,0,0,,,,,,100,
7501824,34,Room Based Capacity,,,,,,35,40,34,1,5,,97.14
7501825,15,Bed Based Capacity,15,15,15,0,0,,,,,,100,
7501826,27,Bed Based Capacity,27,27,27,0,0,,,,,,100,
7501827,44,Bed Based Capacity,44,44,44,0,0,,,,,,100,
7501828,12,Bed Based Capacity,17,17,12,5,0,,,,,,70.59,
7501829,7,Bed Based Capacity,9,9,7,2,0,,,,,,77.78,
7501830,9,Room Based Capacity,,,,,,14,14,9,5,0,,64.29
7501831,19,Bed Based Capacity,19,19,19,0,0,,,,,,100,
7501832,15,Bed Based Capacity,15,15,15,0,0,,,,,,100,
7501833,18,Bed Based Capacity,18,20,18,0,2,,,,,,100,
7501834,22,Bed Based Capacity,22,27,22,0,5,,,,,,100,
7501835,24,Bed Based Capacity,25,30,24,1,5,,,,,,96,
7501836,19,Bed Based Capacity,19,19,19,0,0,,,,,,100,
7501837,43,Bed Based Capacity,43,43,43,0,0,,,,,,100,
7501838,30,Room Based Capacity,,,,,,30,32,30,0,2,,100
7501839,26,Bed Based Capacity,26,28,26,0,2,,,,,,100,
7501840,47,Room Based Capacity,,,,,,33,34,33,0,1,,100
7501841,219,Room Based Capacity,,,,,,64,75,64,0,11,,100
7501842,67,Bed Based Capacity,67,67,67,0,0,,,,,,100,
7501843,60,Room Based Capacity,,,,,,23,28,20,3,5,,86.96
7501844,49,Bed Based Capacity,49,49,49,0,0,,,,,,100,
7501845,72,Room Based Capacity,,,,,,72,73,72,0,1,,100
7501846,51,Bed Based Capacity,51,54,51,0,3,,,,,,100,
7501847,129,Room Based Capacity,,,,,,129,131,129,0,2,,100
7501848,221,Bed Based Capacity,221,222,221,0,1,,,,,,100,
7501849,32,Bed Based Capacity,32,36,32,0,4,,,,,,100,
7501850,72,Room Based Capacity,,,,,,76,77,72,4,1,,94.74
7501851,39,Bed Based Capacity,39,39,39,0,0,,,,,,100,
7501852,28,Bed Based Capacity,29,30,28,1,1,,,,,,96.55,
7501853,40,Bed Based Capacity,40,40,40,0,0,,,,,,100,
7501854,12,Room Based Capacity,,,,,,3,3,3,0,0,,100
7501855,6,Bed Based Capacity,6,6,6,0,0,,,,,,100,
7501856,16,Bed Based Capacity,16,16,16,0,0,,,,,,100,
7501857,28,Bed Based Capacity,28,37,28,0,9,,,,,,100,
7501858,3,Bed Based Capacity,3,5,3,0,2,,,,,,100,
7501859,78,Room Based Capacity,,,,,,24,27,24,0,3,,100
7501860,19,Bed Based Capacity,19,19,19,0,0,,,,,,100,
7501861,28,Room Based Capacity,,,,,,28,28,28,0,0,,100
7501862,23,Bed Based Capacity,25,25,23,2,0,,,,,,92,
7501863,25,Bed Based Capacity,25,25,25,0,0,,,,,,100,
7501864,21,Bed Based Capacity,24,24,21,3,0,,,,,,87.5,
7501865,12,Bed Based Capacity,12,19,12,0,7,,,,,,100,
7501866,14,Bed Based Capacity,20,20,14,6,0,,,,,,70,
7501867,23,Bed Based Capacity,23,23,23,0,0,,,,,,100,
7501868,13,Bed Based Capacity,14,14,13,1,0,,,,,,92.86,
7501869,9,Bed Based Capacity,9,10,9,0,1,,,,,,100,
7501870,28,Bed Based Capacity,29,31,28,1,2,,,,,,96.55,
7501871,8,Bed Based Capacity,8,8,8,0,0,,,,,,100,
7501872,256,Room Based Capacity,,,,,,92,113,92,0,21,,100
7501873,395,Room Based Capacity,,,,,,121,107,121,0,0,,100
7501874,13,Room Based Capacity,,,,,,13,13,13,0,0,,100
7501875,150,Room Based Capacity,,,,,,146,155,146,0,9,,100
7501876,38,Room Based Capacity,,,,,,38,40,38,0,2,,100
7501877,31,Bed Based Capacity,31,33,31,0,2,,,,,,100,
7501878,14,Bed Based Capacity,14,15,14,0,1,,,,,,100,
7501879,54,Room Based Capacity,,,,,,20,30,20,0,10,,100
7501880,211,Room Based Capacity,,,,,,63,65,63,0,2,,100
7501881,73,Room Based Capacity,,,,,,77,83,73,4,6,,94.81
7501882,20,Room Based Capacity,,,,,,11,12,10,1,1,,90.91
7501883,28,Room Based Capacity,,,,,,14,14,14,0,0,,100
7501884,73,Room Based Capacity,,,,,,73,77,73,0,4,,100
7501885,10,Bed Based Capacity,12,12,10,2,0,,,,,,83.33,
7501886,127,Room Based Capacity,,,,,,67,86,67,0,19,,100
7501887,99,Room Based Capacity,,,,,,100,100,99,1,0,,99
7501888,149,Room Based Capacity,,,,,,41,43,41,0,2,,100
7501889,2,Bed Based Capacity,2,8,2,0,6,,,,,,100,
7501890,88,Room Based Capacity,,,,,,27,40,27,0,13,,100
7501891,32,Room Based Capacity,,,,,,18,18,18,0,0,,100
7501892,46,Room Based Capacity,,,,,,20,20,20,0,0,,100
7501893,5,Bed Based Capacity,5,15,5,0,10,,,,,,100,
7501894,33,Bed Based Capacity,35,37,33,2,2,,,,,,94.29,
7501895,69,Room Based Capacity,,,,,,67,51,65,2,0,,97.01
7501896,24,Bed Based Capacity,24,24,24,0,0,,,,,,100,
7501897,92,Room Based Capacity,,,,,,35,37,35,0,2,,100
7501898,10,Room Based Capacity,,,,,,9,82,9,0,73,,100
7501899,52,Room Based Capacity,,,,,,47,30,47,0,0,,100
7501900,46,Room Based Capacity,,,,,,23,23,23,0,0,,100
7501901,88,Bed Based Capacity,88,88,88,0,0,,,,,,100,
7501902,50,Bed Based Capacity,50,50,50,0,0,,,,,,100,
7501903,42,Bed Based Capacity,42,51,42,0,9,,,,,,100,
7501904,73,Bed Based Capacity,73,81,73,0,8,,,,,,100,
7501905,55,Bed Based Capacity,55,72,55,0,17,,,,,,100,
7501906,16,Bed Based Capacity,22,22,16,6,0,,,,,,72.73,
7501907,2,Bed Based Capacity,2,20,2,0,18,,,,,,100,
7501908,45,Bed Based Capacity,45,55,45,0,10,,,,,,100,
7501909,19,Bed Based Capacity,19,19,19,0,0,,,,,,100,
7501910,13,Bed Based Capacity,13,27,13,0,14,,,,,,100,
7501911,71,Room Based Capacity,,,,,,65,71,65,0,6,,100
7501912,9,Bed Based Capacity,9,9,9,0,0,,,,,,100,
7501913,74,Bed Based Capacity,74,74,74,0,0,,,,,,100,
7501914,34,Bed Based Capacity,34,34,34,0,0,,,,,,100,
7501915,53,Bed Based Capacity,55,55,53,2,0,,,,,,96.36,
7501916,37,Room Based Capacity,,,,,,35,37,35,0,2,,100
7501917,21,Bed Based Capacity,21,21,21,0,0,,,,,,100,
7501918,41,Room Based Capacity,,,,,,42,42,41,1,0,,97.62
7501919,52,Bed Based Capacity,52,53,52,0,1,,,,,,100,
7501920,27,Bed Based Capacity,28,28,27,1,0,,,,,,96.43,
7501921,43,Bed Based Capacity,44,44,43,1,0,,,,,,97.73,
7501922,49,Bed Based Capacity,50,50,49,1,0,,,,,,98,
7501923,246,Room Based Capacity,,,,,,229,245,229,0,16,,100
7501924,41,Bed Based Capacity,41,41,41,0,0,,,,,,100,
7501925,90,Room Based Capacity,,,,,,90,92,90,0,2,,100
7501926,54,Room Based Capacity,,,,,,52,52,52,0,0,,100
7501927,22,Bed Based Capacity,22,22,22,0,0,,,,,,100,
7501928,45,Bed Based Capacity,45,50,45,0,5,,,,,,100,
7501929,16,Bed Based Capacity,16,16,16,0,0,,,,,,100,
7501930,39,Room Based Capacity,,,,,,40,41,39,1,1,,97.5
7501931,5,Bed Based Capacity,5,5,5,0,0,,,,,,100,
7501932,10,Bed Based Capacity,11,11,10,1,0,,,,,,90.91,
7501933,32,Bed Based Capacity,37,37,32,5,0,,,,,,86.49,
7501934,24,Bed Based Capacity,24,24,24,0,0,,,,,,100,
7501935,33,Bed Based Capacity,44,44,33,11,0,,,,,,75,
7501936,23,Bed Based Capacity,23,23,23,0,0,,,,,,100,
7501937,53,Bed Based Capacity,53,54,53,0,1,,,,,,100,
7501938,273,Room Based Capacity,,,,,,265,271,265,0,6,,100
7501939,29,Bed Based Capacity,30,45,29,1,15,,,,,,96.67,
7501940,4,Bed Based Capacity,5,5,4,1,0,,,,,,80,
7501941,27,Bed Based Capacity,28,28,27,1,0,,,,,,96.43,
7501942,20,Bed Based Capacity,25,25,20,5,0,,,,,,80,
7501943,25,Bed Based Capacity,25,25,25,0,0,,,,,,100,
7501944,5,Bed Based Capacity,5,5,5,0,0,,,,,,100,
7501945,45,Room Based Capacity,,,,,,45,47,45,0,2,,100
7501946,49,Bed Based Capacity,50,50,49,1,0,,,,,,98,
7501947,99,Room Based Capacity,,,,,,91,94,91,0,3,,100
7501948,57,Bed Based Capacity,60,70,57,3,10,,,,,,95,
7501949,18,Bed Based Capacity,18,19,18,0,1,,,,,,100,
7501950,29,Bed Based Capacity,30,31,29,1,1,,,,,,96.67,
7501951,51,Bed Based Capacity,51,55,51,0,4,,,,,,100,
7501952,71,Room Based Capacity,,,,,,71,100,71,0,29,,100
7501953,244,Room Based Capacity,,,,,,215,235,215,0,20,,100
7501954,288,Room Based Capacity,,,,,,253,263,253,0,10,,100
7501955,60,Bed Based Capacity,60,60,60,0,0,,,,,,100,
7501956,71,Bed Based Capacity,71,71,71,0,0,,,,,,100,
7501957,184,Bed Based Capacity,184,184,184,0,0,,,,,,100,
7501958,37,Bed Based Capacity,37,37,37,0,0,,,,,,100,
7501959,115,Bed Based Capacity,115,115,115,0,0,,,,,,100,
7501960,34,Bed Based Capacity,35,35,34,1,0,,,,,,97.14,
7501961,46,Bed Based Capacity,46,51,46,0,5,,,,,,100,
7501962,18,Bed Based Capacity,18,18,18,0,0,,,,,,100,
7501963,35,Room Based Capacity,,,,,,35,40,35,0,5,,100
7501964,15,Bed Based Capacity,15,15,15,0,0,,,,,,100,
7501965,27,Bed Based Capacity,27,27,27,0,0,,,,,,100,
7501966,43,Bed Based Capacity,44,44,43,1,0,,,,,,97.73,
7501967,12,Bed Based Capacity,17,17,12,5,0,,,,,,70.59,
7501968,7,Bed Based Capacity,9,9,7,2,0,,,,,,77.78,
7501969,9,Room Based Capacity,,,,,,14,14,9,5,0,,64.29
7501970,19,Bed Based Capacity,19,19,19,0,0,,,,,,100,
7501971,14,Bed Based Capacity,15,15,14,1,0,,,,,,93.33,
7501972,18,Bed Based Capacity,18,20,18,0,2,,,,,,100,
7501973,22,Bed Based Capacity,22,27,22,0,5,,,,,,100,
7501974,24,Bed Based Capacity,25,30,24,1,5,,,,,,96,
7501975,19,Bed Based Capacity,19,19,19,0,0,,,,,,100,
7501976,43,Bed Based Capacity,43,43,43,0,0,,,,,,100,
7501977,30,Room Based Capacity,,,,,,30,32,30,0,2,,100
7501978,27,Bed Based Capacity,27,28,27,0,1,,,,,,100,
7501979,47,Room Based Capacity,,,,,,33,34,33,0,1,,100
7501980,219,Room Based Capacity,,,,,,64,75,64,0,11,,100
7501981,67,Bed Based Capacity,67,67,67,0,0,,,,,,100,
7501982,60,Room Based Capacity,,,,,,23,28,20,3,5,,86.96
7501983,49,Bed Based Capacity,49,49,49,0,0,,,,,,100,
7501984,72,Room Based Capacity,,,,,,72,73,72,0,1,,100
7501985,51,Bed Based Capacity,51,54,51,0,3,,,,,,100,
7501986,129,Room Based Capacity,,,,,,129,131,129,0,2,,100
7501987,222,Bed Based Capacity,222,222,222,0,0,,,,,,100,
7501988,32,Bed Based Capacity,32,36,32,0,4,,,,,,100,
7501989,76,Room Based Capacity,,,,,,76,77,76,0,1,,100
7501990,39,Bed Based Capacity,39,39,39,0,0,,,,,,100,
7501991,28,Bed Based Capacity,29,30,28,1,1,,,,,,96.55,
7501992,40,Bed Based Capacity,40,40,40,0,0,,,,,,100,
7501993,12,Room Based Capacity,,,,,,3,3,3,0,0,,100
7501994,6,Bed Based Capacity,6,6,6,0,0,,,,,,100,
7501995,16,Bed Based Capacity,16,16,16,0,0,,,,,,100,
7501996,29,Bed Based Capacity,29,34,29,0,5,,,,,,100,
7501997,3,Bed Based Capacity,3,5,3,0,2,,,,,,100,
7501998,76,Room Based Capacity,,,,,,24,27,23,1,3,,95.83
7501999,19,Bed Based Capacity,19,19,19,0,0,,,,,,100,
7502000,28,Room Based Capacity,,,,,,28,28,28,0,0,,100
7502001,23,Bed Based Capacity,25,25,23,2,0,,,,,,92,
7502002,25,Bed Based Capacity,25,25,25,0,0,,,,,,100,
7502003,21,Bed Based Capacity,24,24,21,3,0,,,,,,87.5,
7502004,14,Bed Based Capacity,14,19,14,0,5,,,,,,100,
7502005,15,Bed Based Capacity,20,20,15,5,0,,,,,,75,
7502006,22,Bed Based Capacity,23,23,22,1,0,,,,,,95.65,
7502007,13,Bed Based Capacity,14,14,13,1,0,,,,,,92.86,
7502008,9,Bed Based Capacity,10,10,9,1,0,,,,,,90,
7502009,28,Bed Based Capacity,29,31,28,1,2,,,,,,96.55,
7502010,8,Bed Based Capacity,8,8,8,0,0,,,,,,100,
7502011,264,Room Based Capacity,,,,,,93,113,93,0,20,,100
7502012,403,Room Based Capacity,,,,,,123,107,123,0,0,,100
7502013,13,Room Based Capacity,,,,,,13,13,13,0,0,,100
7502014,149,Room Based Capacity,,,,,,145,155,145,0,10,,100
7502015,38,Room Based Capacity,,,,,,38,40,38,0,2,,100
7502016,32,Bed Based Capacity,33,33,32,1,0,,,,,,96.97,
7502017,15,Bed Based Capacity,15,15,15,0,0,,,,,,100,
7502018,56,Room Based Capacity,,,,,,21,30,21,0,9,,100
7502019,211,Room Based Capacity,,,,,,63,65,63,0,2,,100
7502020,69,Room Based Capacity,,,,,,72,83,69,3,11,,95.83
7502021,20,Room Based Capacity,,,,,,11,12,10,1,1,,90.91
7502022,28,Room Based Capacity,,,,,,14,14,14,0,0,,100
7502023,74,Room Based Capacity,,,,,,74,77,74,0,3,,100
7502024,9,Bed Based Capacity,12,12,9,3,0,,,,,,75,
7502025,124,Room Based Capacity,,,,,,67,86,67,0,19,,100
7502026,99,Room Based Capacity,,,,,,99,100,99,0,1,,100
7502027,149,Room Based Capacity,,,,,,41,43,41,0,2,,100
7502028,2,Bed Based Capacity,2,8,2,0,6,,,,,,100,
7502029,88,Room Based Capacity,,,,,,27,40,27,0,13,,100
7502030,30,Room Based Capacity,,,,,,17,18,17,0,1,,100
7502031,46,Room Based Capacity,,,,,,20,20,20,0,0,,100
7502032,5,Bed Based Capacity,5,15,5,0,10,,,,,,100,
7502033,34,Bed Based Capacity,35,37,34,1,2,,,,,,97.14,
7502034,72,Room Based Capacity,,,,,,67,51,66,1,0,,98.51
7502035,24,Bed Based Capacity,24,24,24,0,0,,,,,,100,
7502036,92,Room Based Capacity,,,,,,35,37,35,0,2,,100
7502037,9,Room Based Capacity,,,,,,8,82,8,0,74,,100
7502038,48,Room Based Capacity,,,,,,49,30,44,5,0,,89.8
7502039,46,Room Based Capacity,,,,,,23,23,23,0,0,,100
7502040,87,Bed Based Capacity,88,88,87,1,0,,,,,,98.86,
7502041,50,Bed Based Capacity,50,50,50,0,0,,,,,,100,
7502042,41,Bed Based Capacity,42,51,41,1,9,,,,,,97.62,
7502043,74,Bed Based Capacity,74,81,74,0,7,,,,,,100,
7502044,55,Bed Based Capacity,55,72,55,0,17,,,,,,100,
7502045,17,Bed Based Capacity,22,22,17,5,0,,,,,,77.27,
7502046,1,Bed Based Capacity,1,20,1,0,19,,,,,,100,
7502047,45,Bed Based Capacity,45,55,45,0,10,,,,,,100,
7502048,19,Bed Based Capacity,19,19,19,0,0,,,,,,100,
7502049,13,Bed Based Capacity,13,27,13,0,14,,,,,,100,
7502050,72,Room Based Capacity,,,,,,65,71,65,0,6,,100
7502051,7,Bed Based Capacity,9,9,7,2,0,,,,,,77.78,
7502052,73,Bed Based Capacity,74,74,73,1,0,,,,,,98.65,
7502053,34,Bed Based Capacity,34,34,34,0,0,,,,,,100,
7502054,55,Bed Based Capacity,55,55,55,0,0,,,,,,100,
7502055,43,Room Based Capacity,,,,,,38,44,38,0,6,,100
7502056,21,Bed Based Capacity,21,21,21,0,0,,,,,,100,
7502057,41,Room Based Capacity,,,,,,42,42,41,1,0,,97.62
7502058,52,Bed Based Capacity,52,53,52,0,1,,,,,,100,
7502059,27,Bed Based Capacity,28,28,27,1,0,,,,,,96.43,
7502060,44,Bed Based Capacity,44,44,44,0,0,,,,,,100,
7502061,50,Bed Based Capacity,50,50,50,0,0,,,,,,100,
7502062,245,Room Based Capacity,,,,,,230,245,229,1,15,,99.57
7502063,41,Bed Based Capacity,41,41,41,0,0,,,,,,100,
7502064,90,Room Based Capacity,,,,,,90,92,90,0,2,,100
7502065,54,Room Based Capacity,,,,,,52,52,52,0,0,,100
7502066,22,Bed Based Capacity,22,22,22,0,0,,,,,,100,
7502067,45,Bed Based Capacity,45,50,45,0,5,,,,,,100,
7502068,16,Bed Based Capacity,16,16,16,0,0,,,,,,100,
7502069,38,Room Based Capacity,,,,,,39,41,38,1,2,,97.44
7502070,5,Bed Based Capacity,5,5,5,0,0,,,,,,100,
7502071,10,Bed Based Capacity,11,11,10,1,0,,,,,,90.91,
7502072,32,Bed Based Capacity,35,37,32,3,2,,,,,,91.43,
7502073,24,Bed Based Capacity,24,24,24,0,0,,,,,,100,
7502074,38,Bed Based Capacity,44,44,38,6,0,,,,,,86.36,
7502075,23,Bed Based Capacity,23,23,23,0,0,,,,,,100,
7502076,51,Bed Based Capacity,53,54,51,2,1,,,,,,96.23,
7502077,273,Room Based Capacity,,,,,,265,271,265,0,6,,100
7502078,29,Bed Based Capacity,29,45,29,0,16,,,,,,100,
7502079,4,Bed Based Capacity,5,5,4,1,0,,,,,,80,
7502080,27,Bed Based Capacity,28,28,27,1,0,,,,,,96.43,
7502081,20,Bed Based Capacity,25,25,20,5,0,,,,,,80,
7502082,25,Bed Based Capacity,25,25,25,0,0,,,,,,100,
7502083,5,Bed Based Capacity,5,5,5,0,0,,,,,,100,
7502084,46,Room Based Capacity,,,,,,46,47,46,0,1,,100
7502085,49,Bed Based Capacity,50,50,49,1,0,,,,,,98,
7502086,99,Room Based Capacity,,,,,,91,94,91,0,3,,100
7502087,59,Bed Based Capacity,60,70,59,1,10,,,,,,98.33,
7502088,18,Bed Based Capacity,18,19,18,0,1,,,,,,100,
7502089,29,Bed Based Capacity,29,31,29,0,2,,,,,,100,
7502090,52,Bed Based Capacity,52,55,52,0,3,,,,,,100,
7502091,71,Room Based Capacity,,,,,,71,100,71,0,29,,100
7502092,243,Room Based Capacity,,,,,,214,235,214,0,21,,100
7502093,288,Room Based Capacity,,,,,,252,263,252,0,11,,100
7502094,58,Bed Based Capacity,59,60,58,1,1,,,,,,98.31,
7502095,71,Bed Based Capacity,71,71,71,0,0,,,,,,100,
7502096,183,Bed Based Capacity,184,184,183,1,0,,,,,,99.46,
7502097,37,Bed Based Capacity,37,37,37,0,0,,,,,,100,
7502098,115,Bed Based Capacity,115,115,115,0,0,,,,,,100,
7502099,35,Bed Based Capacity,35,35,35,0,0,,,,,,100,
7502100,48,Bed Based Capacity,50,51,48,2,1,,,,,,96,
7502101,18,Bed Based Capacity,18,18,18,0,0,,,,,,100,
7502102,35,Room Based Capacity,,,,,,35,40,35,0,5,,100
7502103,15,Bed Based Capacity,15,15,15,0,0,,,,,,100,
7502104,27,Bed Based Capacity,27,27,27,0,0,,,,,,100,
7502105,43,Bed Based Capacity,44,44,43,1,0,,,,,,97.73,
7502106,12,Bed Based Capacity,17,17,12,5,0,,,,,,70.59,
7502107,7,Bed Based Capacity,9,9,7,2,0,,,,,,77.78,
7502108,9,Room Based Capacity,,,,,,14,14,9,5,0,,64.29
7502109,19,Bed Based Capacity,19,19,19,0,0,,,,,,100,
7502110,14,Bed Based Capacity,15,15,14,1,0,,,,,,93.33,
7502111,19,Bed Based Capacity,19,20,19,0,1,,,,,,100,
7502112,22,Bed Based Capacity,22,27,22,0,5,,,,,,100,
7502113,24,Bed Based Capacity,25,30,24,1,5,,,,,,96,
7502114,19,Bed Based Capacity,19,19,19,0,0,,,,,,100,
7502115,43,Bed Based Capacity,43,43,43,0,0,,,,,,100,
7502116,30,Room Based Capacity,,,,,,30,32,30,0,2,,100
7502117,27,Bed Based Capacity,27,28,27,0,1,,,,,,100,
7502118,47,Room Based Capacity,,,,,,33,34,33,0,1,,100
7502119,219,Room Based Capacity,,,,,,64,75,64,0,11,,100
7502120,67,Bed Based Capacity,67,67,67,0,0,,,,,,100,
7502121,60,Room Based Capacity,,,,,,23,28,20,3,5,,86.96
7502122,49,Bed Based Capacity,49,49,49,0,0,,,,,,100,
7502123,71,Room Based Capacity,,,,,,72,73,71,1,1,,98.61
7502124,53,Bed Based Capacity,53,54,53,0,1,,,,,,100,
7502125,129,Room Based Capacity,,,,,,129,131,129,0,2,,100
7502126,221,Bed Based Capacity,222,222,221,1,0,,,,,,99.55,
7502127,33,Bed Based Capacity,33,36,33,0,3,,,,,,100,
7502128,76,Room Based Capacity,,,,,,76,77,76,0,1,,100
7502129,38,Bed Based Capacity,39,39,38,1,0,,,,,,97.44,
7502130,28,Bed Based Capacity,29,30,28,1,1,,,,,,96.55,
7502131,40,Bed Based Capacity,40,40,40,0,0,,,,,,100,
7502132,12,Room Based Capacity,,,,,,3,3,3,0,0,,100
7502133,6,Bed Based Capacity,6,6,6,0,0,,,,,,100,
7502134,16,Bed Based Capacity,16,16,16,0,0,,,,,,100,
7502135,29,Bed Based Capacity,29,34,29,0,5,,,,,,100,
7502136,3,Bed Based Capacity,3,5,3,0,2,,,,,,100,
7502137,76,Room Based Capacity,,,,,,24,27,23,1,3,,95.83
7502138,19,Bed Based Capacity,19,19,19,0,0,,,,,,100,
7502139,28,Room Based Capacity,,,,,,28,28,28,0,0,,100
7502140,23,Bed Based Capacity,25,25,23,2,0,,,,,,92,
7502141,25,Bed Based Capacity,25,25,25,0,0,,,,,,100,
7502142,21,Bed Based Capacity,24,24,21,3,0,,,,,,87.5,
7502143,16,Bed Based Capacity,16,19,16,0,3,,,,,,100,
7502144,15,Bed Based Capacity,20,20,15,5,0,,,,,,75,
7502145,23,Bed Based Capacity,23,23,23,0,0,,,,,,100,
7502146,13,Bed Based Capacity,14,14,13,1,0,,,,,,92.86,
7502147,8,Bed Based Capacity,10,10,8,2,0,,,,,,80,
7502148,28,Bed Based Capacity,31,31,28,3,0,,,,,,90.32,
7502149,8,Bed Based Capacity,8,8,8,0,0,,,,,,100,
7502150,260,Room Based Capacity,,,,,,91,113,91,0,22,,100
7502151,404,Room Based Capacity,,,,,,123,107,123,0,0,,100
7502152,13,Room Based Capacity,,,,,,13,13,13,0,0,,100
7502153,150,Room Based Capacity,,,,,,146,155,146,0,9,,100
7502154,38,Room Based Capacity,,,,,,38,40,38,0,2,,100
7502155,33,Bed Based Capacity,33,33,33,0,0,,,,,,100,
7502156,15,Bed Based Capacity,15,15,15,0,0,,,,,,100,
7502157,56,Room Based Capacity,,,,,,21,30,21,0,9,,100
7502158,211,Room Based Capacity,,,,,,63,65,63,0,2,,100
7502159,70,Room Based Capacity,,,,,,75,83,70,5,8,,93.33
7502160,22,Room Based Capacity,,,,,,12,12,11,1,0,,91.67
7502161,28,Room Based Capacity,,,,,,14,14,14,0,0,,100
7502162,74,Room Based Capacity,,,,,,74,77,74,0,3,,100
7502163,11,Bed Based Capacity,12,12,11,1,0,,,,,,91.67,
7502164,126,Room Based Capacity,,,,,,67,86,67,0,19,,100
7502165,98,Room Based Capacity,,,,,,98,100,98,0,2,,100
7502166,148,Room Based Capacity,,,,,,41,43,41,0,2,,100
7502167,2,Bed Based Capacity,2,8,2,0,6,,,,,,100,
7502168,88,Room Based Capacity,,,,,,27,40,27,0,13,,100
7502169,30,Room Based Capacity,,,,,,17,18,17,0,1,,100
7502170,46,Room Based Capacity,,,,,,20,20,20,0,0,,100
7502171,5,Bed Based Capacity,5,15,5,0,10,,,,,,100,
7502172,35,Bed Based Capacity,35,37,35,0,2,,,,,,100,
7502173,72,Room Based Capacity,,,,,,67,51,67,0,0,,100
7502174,24,Bed Based Capacity,24,24,24,0,0,,,,,,100,
7502175,92,Room Based Capacity,,,,,,35,37,35,0,2,,100
7502176,37,Room Based Capacity,,,,,,51,30,33,18,0,,64.71
7502177,45,Room Based Capacity,,,,,,23,23,23,0,0,,100
7502178,86,Bed Based Capacity,88,88,86,2,0,,,,,,97.73,
7502179,50,Bed Based Capacity,50,50,50,0,0,,,,,,100,
7502180,42,Bed Based Capacity,50,51,42,8,1,,,,,,84,
7502181,74,Bed Based Capacity,74,81,74,0,7,,,,,,100,
7502182,55,Bed Based Capacity,55,72,55,0,17,,,,,,100,
7502183,16,Bed Based Capacity,22,22,16,6,0,,,,,,72.73,
7502184,1,Bed Based Capacity,1,20,1,0,19,,,,,,100,
7502185,45,Bed Based Capacity,45,55,45,0,10,,,,,,100,
7502186,18,Bed Based Capacity,19,19,18,1,0,,,,,,94.74,
7502187,13,Bed Based Capacity,13,27,13,0,14,,,,,,100,
7502188,72,Room Based Capacity,,,,,,65,71,65,0,6,,100
7502189,7,Bed Based Capacity,9,9,7,2,0,,,,,,77.78,
7502190,74,Bed Based Capacity,74,74,74,0,0,,,,,,100,
7502191,33,Bed Based Capacity,34,34,33,1,0,,,,,,97.06,
7502192,55,Bed Based Capacity,55,55,55,0,0,,,,,,100,
7502193,48,Room Based Capacity,,,,,,42,44,42,0,2,,100
7502194,21,Bed Based Capacity,21,21,21,0,0,,,,,,100,
7502195,1,Bed Based Capacity,1,2,1,0,1,,,,,,100,
7502196,41,Room Based Capacity,,,,,,42,42,41,1,0,,97.62
7502197,51,Bed Based Capacity,51,53,51,0,2,,,,,,100,
7502198,27,Bed Based Capacity,28,28,27,1,0,,,,,,96.43,
7502199,44,Bed Based Capacity,44,44,44,0,0,,,,,,100,
7502200,50,Bed Based Capacity,50,50,50,0,0,,,,,,100,
7502201,246,Room Based Capacity,,,,,,231,245,230,1,14,,99.57
7502202,41,Bed Based Capacity,41,41,41,0,0,,,,,,100,
7502203,90,Room Based Capacity,,,,,,90,92,90,0,2,,100
7502204,54,Room Based Capacity,,,,,,52,52,52,0,0,,100
7502205,22,Bed Based Capacity,22,22,22,0,0,,,,,,100,
7502206,45,Bed Based Capacity,45,50,45,0,5,,,,,,100,
7502207,15,Bed Based Capacity,16,16,15,1,0,,,,,,93.75,
7502208,38,Room Based Capacity,,,,,,39,41,38,1,2,,97.44
7502209,5,Bed Based Capacity,5,5,5,0,0,,,,,,100,
7502210,10,Bed Based Capacity,11,11,10,1,0,,,,,,90.91,
7502211,33,Bed Based Capacity,35,37,33,2,2,,,,,,94.29,
7502212,24,Bed Based Capacity,24,24,24,0,0,,,,,,100,
7502213,40,Bed Based Capacity,44,44,40,4,0,,,,,,90.91,
7502214,23,Bed Based Capacity,23,23,23,0,0,,,,,,100,
7502215,52,Bed Based Capacity,53,54,52,1,1,,,,,,98.11,
7502216,273,Room Based Capacity,,,,,,266,271,266,0,5,,100
7502217,32,Bed Based Capacity,33,45,32,1,12,,,,,,96.97,
7502218,4,Bed Based Capacity,5,5,4,1,0,,,,,,80,
7502219,27,Bed Based Capacity,28,28,27,1,0,,,,,,96.43,
7502220,20,Bed Based Capacity,25,25,20,5,0,,,,,,80,
7502221,25,Bed Based Capacity,25,25,25,0,0,,,,,,100,
7502222,5,Bed Based Capacity,5,5,5,0,0,,,,,,100,
7502223,46,Room Based Capacity,,,,,,46,47,46,0,1,,100
7502224,50,Bed Based Capacity,50,50,50,0,0,,,,,,100,
7502225,101,Room Based Capacity,,,,,,92,94,92,0,2,,100
7502226,57,Bed Based Capacity,58,70,57,1,12,,,,,,98.28,
7502227,18,Bed Based Capacity,18,19,18,0,1,,,,,,100,
7502228,30,Bed Based Capacity,30,31,30,0,1,,,,,,100,
7502229,52,Bed Based Capacity,52,55,52,0,3,,,,,,100,
7502230,71,Room Based Capacity,,,,,,71,100,71,0,29,,100
7502231,243,Room Based Capacity,,,,,,214,235,214,0,21,,100
7502232,288,Room Based Capacity,,,,,,252,263,251,1,11,,99.6
7502233,59,Bed Based Capacity,59,60,59,0,1,,,,,,100,
7502234,71,Bed Based Capacity,71,71,71,0,0,,,,,,100,
7502235,184,Bed Based Capacity,184,184,184,0,0,,,,,,100,
7502236,37,Bed Based Capacity,37,37,37,0,0,,,,,,100,
7502237,114,Bed Based Capacity,115,115,114,1,0,,,,,,99.13,
7502238,35,Bed Based Capacity,35,35,35,0,0,,,,,,100,
7502239,47,Bed Based Capacity,50,51,47,3,1,,,,,,94,
7502240,17,Bed Based Capacity,18,18,17,1,0,,,,,,94.44,
7502241,35,Room Based Capacity,,,,,,36,40,35,1,4,,97.22
7502242,15,Bed Based Capacity,15,15,15,0,0,,,,,,100,
7502243,27,Bed Based Capacity,27,27,27,0,0,,,,,,100,
7502244,42,Bed Based Capacity,44,44,42,2,0,,,,,,95.45,
7502245,12,Bed Based Capacity,17,17,12,5,0,,,,,,70.59,
7502246,7,Bed Based Capacity,9,9,7,2,0,,,,,,77.78,
7502247,9,Room Based Capacity,,,,,,14,14,9,5,0,,64.29
7502248,18,Bed Based Capacity,19,19,18,1,0,,,,,,94.74,
7502249,14,Bed Based Capacity,15,15,14,1,0,,,,,,93.33,
7502250,19,Bed Based Capacity,19,20,19,0,1,,,,,,100,
7502251,22,Bed Based Capacity,22,27,22,0,5,,,,,,100,
7502252,24,Bed Based Capacity,25,30,24,1,5,,,,,,96,
7502253,19,Bed Based Capacity,19,19,19,0,0,,,,,,100,
7502254,43,Bed Based Capacity,43,43,43,0,0,,,,,,100,
7502255,30,Room Based Capacity,,,,,,30,32,30,0,2,,100
7502256,27,Bed Based Capacity,27,28,27,0,1,,,,,,100,
7502257,47,Room Based Capacity,,,,,,33,34,33,0,1,,100
7502258,219,Room Based Capacity,,,,,,64,75,64,0,11,,100
7502259,67,Bed Based Capacity,67,67,67,0,0,,,,,,100,
7502260,60,Room Based Capacity,,,,,,23,28,20,3,5,,86.96
7502261,49,Bed Based Capacity,49,49,49,0,0,,,,,,100,
7502262,72,Room Based Capacity,,,,,,72,73,72,0,1,,100
7502263,53,Bed Based Capacity,53,54,53,0,1,,,,,,100,
7502264,128,Room Based Capacity,,,,,,128,131,128,0,3,,100
7502265,222,Bed Based Capacity,222,222,222,0,0,,,,,,100,
7502266,34,Bed Based Capacity,34,36,34,0,2,,,,,,100,
7502267,76,Room Based Capacity,,,,,,76,77,76,0,1,,100
7502268,39,Bed Based Capacity,39,39,39,0,0,,,,,,100,
7502269,29,Bed Based Capacity,30,30,29,1,0,,,,,,96.67,
7502270,40,Bed Based Capacity,40,40,40,0,0,,,,,,100,
7502271,12,Room Based Capacity,,,,,,3,3,3,0,0,,100
7502272,6,Bed Based Capacity,6,6,6,0,0,,,,,,100,
7502273,16,Bed Based Capacity,16,16,16,0,0,,,,,,100,
7502274,29,Bed Based Capacity,29,34,29,0,5,,,,,,100,
7502275,3,Bed Based Capacity,3,5,3,0,2,,,,,,100,
7502276,74,Room Based Capacity,,,,,,24,27,22,2,3,,91.67
7502277,19,Bed Based Capacity,19,19,19,0,0,,,,,,100,
7502278,28,Room Based Capacity,,,,,,28,28,28,0,0,,100
7502279,23,Bed Based Capacity,25,25,23,2,0,,,,,,92,
7502280,25,Bed Based Capacity,25,25,25,0,0,,,,,,100,
7502281,21,Bed Based Capacity,24,24,21,3,0,,,,,,87.5,
7502282,16,Bed Based Capacity,18,19,16,2,1,,,,,,88.89,
7502283,14,Bed Based Capacity,20,20,14,6,0,,,,,,70,
7502284,23,Bed Based Capacity,23,23,23,0,0,,,,,,100,
7502285,13,Bed Based Capacity,14,14,13,1,0,,,,,,92.86,
7502286,7,Bed Based Capacity,10,10,7,3,0,,,,,,70,
7502287,28,Bed Based Capacity,31,31,28,3,0,,,,,,90.32,
7502288,8,Bed Based Capacity,8,8,8,0,0,,,,,,100,
7502289,255,Room Based Capacity,,,,,,89,113,89,0,24,,100
7502290,404,Room Based Capacity,,,,,,123,107,123,0,0,,100
7502291,13,Room Based Capacity,,,,,,13,13,13,0,0,,100
7502292,150,Room Based Capacity,,,,,,146,155,146,0,9,,100
7502293,39,Room Based Capacity,,,,,,39,40,39,0,1,,100
7502294,33,Bed Based Capacity,33,33,33,0,0,,,,,,100,
7502295,15,Bed Based Capacity,15,15,15,0,0,,,,,,100,
7502296,56,Room Based Capacity,,,,,,21,30,21,0,9,,100
7502297,208,Room Based Capacity,,,,,,62,65,62,0,3,,100
7502298,72,Room Based Capacity,,,,,,80,83,72,8,3,,90
7502299,22,Room Based Capacity,,,,,,11,12,11,0,1,,100
7502300,28,Room Based Capacity,,,,,,14,14,14,0,0,,100
7502301,74,Room Based Capacity,,,,,,74,77,74,0,3,,100
7502302,11,Bed Based Capacity,12,12,11,1,0,,,,,,91.67,
7502303,123,Room Based Capacity,,,,,,67,86,67,0,19,,100
7502304,99,Room Based Capacity,,,,,,99,100,99,0,1,,100
7502305,147,Room Based Capacity,,,,,,41,43,40,1,2,,97.56
7502306,2,Bed Based Capacity,2,8,2,0,6,,,,,,100,
7502307,89,Room Based Capacity,,,,,,28,40,28,0,12,,100
7502308,32,Room Based Capacity,,,,,,18,18,18,0,0,,100
7502309,46,Room Based Capacity,,,,,,20,20,20,0,0,,100
7502310,5,Bed Based Capacity,5,15,5,0,10,,,,,,100,
7502311,36,Bed Based Capacity,36,37,36,0,1,,,,,,100,
7502312,73,Room Based Capacity,,,,,,67,51,67,0,0,,100
7502313,24,Bed Based Capacity,24,24,24,0,0,,,,,,100,
7502314,92,Room Based Capacity,,,,,,35,37,35,0,2,,100
7502315,30,Room Based Capacity,,,,,,54,30,26,28,0,,48.15
7502316,46,Room Based Capacity,,,,,,23,23,23,0,0,,100
7502317,86,Bed Based Capacity,88,88,86,2,0,,,,,,97.73,
7502318,50,Bed Based Capacity,50,50,50,0,0,,,,,,100,
7502319,42,Bed Based Capacity,51,51,42,9,0,,,,,,82.35,
7502320,74,Bed Based Capacity,74,81,74,0,7,,,,,,100,
7502321,55,Bed Based Capacity,55,72,55,0,17,,,,,,100,
7502322,15,Bed Based Capacity,22,22,15,7,0,,,,,,68.18,
7502323,1,Bed Based Capacity,1,20,1,0,19,,,,,,100,
7502324,45,Bed Based Capacity,45,55,45,0,10,,,,,,100,
7502325,18,Bed Based Capacity,19,19,18,1,0,,,,,,94.74,
7502326,12,Bed Based Capacity,12,27,12,0,15,,,,,,100,
7502327,72,Room Based Capacity,,,,,,65,71,65,0,6,,100
7502328,8,Bed Based Capacity,9,9,8,1,0,,,,,,88.89,
7502329,74,Bed Based Capacity,74,74,74,0,0,,,,,,100,
7502330,38,Bed Based Capacity,39,40,38,1,1,,,,,,97.44,
7502331,54,Bed Based Capacity,61,61,54,7,0,,,,,,88.52,
7502332,48,Room Based Capacity,,,,,,42,44,42,0,2,,100
7502333,21,Bed Based Capacity,21,21,21,0,0,,,,,,100,
7502334,1,Bed Based Capacity,1,2,1,0,1,,,,,,100,
7502335,41,Room Based Capacity,,,,,,41,42,41,0,1,,100
7502336,49,Bed Based Capacity,52,53,49,3,1,,,,,,94.23,
7502337,28,Bed Based Capacity,28,28,28,0,0,,,,,,100,
7502338,44,Bed Based Capacity,44,44,44,0,0,,,,,,100,
7502339,50,Bed Based Capacity,50,50,50,0,0,,,,,,100,
7502340,248,Room Based Capacity,,,,,,231,245,231,0,14,,100
7502341,41,Bed Based Capacity,41,41,41,0,0,,,,,,100,
7502342,90,Room Based Capacity,,,,,,90,92,90,0,2,,100
7502343,54,Room Based Capacity,,,,,,52,52,52,0,0,,100
7502344,22,Bed Based Capacity,22,22,22,0,0,,,,,,100,
7502345,45,Bed Based Capacity,45,50,45,0,5,,,,,,100,
7502346,15,Bed Based Capacity,16,16,15,1,0,,,,,,93.75,
7502347,38,Room Based Capacity,,,,,,38,41,38,0,3,,100
7502348,5,Bed Based Capacity,5,5,5,0,0,,,,,,100,
7502349,10,Bed Based Capacity,11,11,10,1,0,,,,,,90.91,
7502350,34,Bed Based Capacity,35,37,34,1,2,,,,,,97.14,
7502351,24,Bed Based Capacity,24,24,24,0,0,,,,,,100,
7502352,36,Bed Based Capacity,44,44,36,8,0,,,,,,81.82,
7502353,23,Bed Based Capacity,23,23,23,0,0,,,,,,100,
7502354,52,Bed Based Capacity,53,54,52,1,1,,,,,,98.11,
7502355,274,Room Based Capacity,,,,,,267,271,267,0,4,,100
7502356,34,Bed Based Capacity,36,45,34,2,9,,,,,,94.44,
7502357,4,Bed Based Capacity,5,5,4,1,0,,,,,,80,
7502358,27,Bed Based Capacity,28,28,27,1,0,,,,,,96.43,
7502359,20,Bed Based Capacity,25,25,20,5,0,,,,,,80,
7502360,25,Bed Based Capacity,25,25,25,0,0,,,,,,100,
7502361,5,Bed Based Capacity,5,5,5,0,0,,,,,,100,
7502362,46,Room Based Capacity,,,,,,46,47,46,0,1,,100
7502363,49,Bed Based Capacity,50,50,49,1,0,,,,,,98,
7502364,101,Room Based Capacity,,,,,,92,94,92,0,2,,100
7502365,49,Bed Based Capacity,58,70,49,9,12,,,,,,84.48,
7502366,19,Bed Based Capacity,19,19,19,0,0,,,,,,100,
7502367,30,Bed Based Capacity,30,31,30,0,1,,,,,,100,
7502368,53,Bed Based Capacity,53,55,53,0,2,,,,,,100,
7502369,71,Room Based Capacity,,,,,,71,100,71,0,29,,100
7502370,240,Room Based Capacity,,,,,,213,235,213,0,22,,100
7502371,289,Room Based Capacity,,,,,,252,263,252,0,11,,100
7502372,60,Bed Based Capacity,60,60,60,0,0,,,,,,100,
7502373,71,Bed Based Capacity,71,71,71,0,0,,,,,,100,
7502374,184,Bed Based Capacity,184,184,184,0,0,,,,,,100,
7502375,37,Bed Based Capacity,37,37,37,0,0,,,,,,100,
7502376,115,Bed Based Capacity,115,115,115,0,0,,,,,,100,
7502377,35,Bed Based Capacity,35,35,35,0,0,,,,,,100,
7502378,50,Bed Based Capacity,51,51,50,1,0,,,,,,98.04,
7502379,17,Bed Based Capacity,18,18,17,1,0,,,,,,94.44,
7502380,36,Room Based Capacity,,,,,,36,40,36,0,4,,100
7502381,15,Bed Based Capacity,15,15,15,0,0,,,,,,100,
7502382,27,Bed Based Capacity,27,27,27,0,0,,,,,,100,
7502383,39,Bed Based Capacity,44,44,39,5,0,,,,,,88.64,
7502384,13,Bed Based Capacity,17,17,13,4,0,,,,,,76.47,
7502385,6,Bed Based Capacity,9,9,6,3,0,,,,,,66.67,
7502386,9,Room Based Capacity,,,,,,14,14,9,5,0,,64.29
7502387,19,Bed Based Capacity,19,19,19,0,0,,,,,,100,
7502388,14,Bed Based Capacity,15,15,14,1,0,,,,,,93.33,
7502389,18,Bed Based Capacity,18,20,18,0,2,,,,,,100,
7502390,21,Bed Based Capacity,22,27,21,1,5,,,,,,95.45,
7502391,24,Bed Based Capacity,25,30,24,1,5,,,,,,96,
7502392,19,Bed Based Capacity,19,19,19,0,0,,,,,,100,
7502393,43,Bed Based Capacity,43,43,43,0,0,,,,,,100,
7502394,30,Room Based Capacity,,,,,,30,32,30,0,2,,100
7502395,26,Bed Based Capacity,27,28,26,1,1,,,,,,96.3,
7502396,47,Room Based Capacity,,,,,,33,34,33,0,1,,100
7502397,219,Room Based Capacity,,,,,,64,75,64,0,11,,100
7502398,67,Bed Based Capacity,67,67,67,0,0,,,,,,100,
7502399,60,Room Based Capacity,,,,,,23,28,20,3,5,,86.96
7502400,49,Bed Based Capacity,49,49,49,0,0,,,,,,100,
7502401,71,Room Based Capacity,,,,,,72,73,71,1,1,,98.61
7502402,53,Bed Based Capacity,53,54,53,0,1,,,,,,100,
7502403,128,Room Based Capacity,,,,,,128,131,128,0,3,,100
7502404,222,Bed Based Capacity,222,222,222,0,0,,,,,,100,
7502405,35,Bed Based Capacity,35,36,35,0,1,,,,,,100,
7502406,77,Room Based Capacity,,,,,,77,77,77,0,0,,100
7502407,39,Bed Based Capacity,39,39,39,0,0,,,,,,100,
7502408,28,Bed Based Capacity,30,30,28,2,0,,,,,,93.33,
7502409,40,Bed Based Capacity,40,40,40,0,0,,,,,,100,
7502410,12,Room Based Capacity,,,,,,3,3,3,0,0,,100
7502411,6,Bed Based Capacity,6,6,6,0,0,,,,,,100,
7502412,16,Bed Based Capacity,16,16,16,0,0,,,,,,100,
7502413,28,Bed Based Capacity,29,34,28,1,5,,,,,,96.55,
7502414,3,Bed Based Capacity,3,5,3,0,2,,,,,,100,
7502415,68,Room Based Capacity,,,,,,24,27,20,4,3,,83.33
7502416,19,Bed Based Capacity,19,19,19,0,0,,,,,,100,
7502417,28,Room Based Capacity,,,,,,28,28,28,0,0,,100
7502418,23,Bed Based Capacity,25,25,23,2,0,,,,,,92,
7502419,25,Bed Based Capacity,25,25,25,0,0,,,,,,100,
7502420,23,Bed Based Capacity,24,24,23,1,0,,,,,,95.83,
7502421,16,Bed Based Capacity,18,19,16,2,1,,,,,,88.89,
7502422,18,Bed Based Capacity,20,20,18,2,0,,,,,,90,
7502423,23,Bed Based Capacity,23,23,23,0,0,,,,,,100,
7502424,13,Bed Based Capacity,14,14,13,1,0,,,,,,92.86,
7502425,8,Bed Based Capacity,10,10,8,2,0,,,,,,80,
7502426,28,Bed Based Capacity,31,31,28,3,0,,,,,,90.32,
7502427,8,Bed Based Capacity,8,8,8,0,0,,,,,,100,
7502428,255,Room Based Capacity,,,,,,89,113,89,0,24,,100
7502429,404,Room Based Capacity,,,,,,123,107,123,0,0,,100
7502430,13,Room Based Capacity,,,,,,13,13,13,0,0,,100
7502431,150,Room Based Capacity,,,,,,146,155,146,0,9,,100
7502432,39,Room Based Capacity,,,,,,39,40,39,0,1,,100
7502433,33,Bed Based Capacity,33,33,33,0,0,,,,,,100,
7502434,15,Bed Based Capacity,15,15,15,0,0,,,,,,100,
7502435,56,Room Based Capacity,,,,,,21,30,21,0,9,,100
7502436,208,Room Based Capacity,,,,,,62,65,62,0,3,,100
7502437,77,Room Based Capacity,,,,,,80,83,77,3,3,,96.25
7502438,22,Room Based Capacity,,,,,,11,12,11,0,1,,100
7502439,28,Room Based Capacity,,,,,,14,14,14,0,0,,100
7502440,76,Room Based Capacity,,,,,,76,77,76,0,1,,100
7502441,11,Bed Based Capacity,12,12,11,1,0,,,,,,91.67,
7502442,127,Room Based Capacity,,,,,,68,86,68,0,18,,100
7502443,99,Room Based Capacity,,,,,,99,100,99,0,1,,100
7502444,147,Room Based Capacity,,,,,,40,43,40,0,3,,100
7502445,2,Bed Based Capacity,2,8,2,0,6,,,,,,100,
7502446,89,Room Based Capacity,,,,,,28,40,28,0,12,,100
7502447,32,Room Based Capacity,,,,,,18,18,18,0,0,,100
7502448,46,Room Based Capacity,,,,,,20,20,20,0,0,,100
7502449,5,Bed Based Capacity,5,15,5,0,10,,,,,,100,
7502450,36,Bed Based Capacity,36,37,36,0,1,,,,,,100,
7502451,73,Room Based Capacity,,,,,,67,51,67,0,0,,100
7502452,24,Bed Based Capacity,24,24,24,0,0,,,,,,100,
7502453,92,Room Based Capacity,,,,,,35,37,35,0,2,,100
7502454,33,Room Based Capacity,,,,,,55,30,29,26,0,,52.73
7502455,46,Room Based Capacity,,,,,,23,23,23,0,0,,100
7502456,86,Bed Based Capacity,88,88,86,2,0,,,,,,97.73,
7502457,50,Bed Based Capacity,50,50,50,0,0,,,,,,100,
7502458,43,Bed Based Capacity,51,51,43,8,0,,,,,,84.31,
7502459,74,Bed Based Capacity,74,81,74,0,7,,,,,,100,
7502460,55,Bed Based Capacity,55,72,55,0,17,,,,,,100,
7502461,15,Bed Based Capacity,22,22,15,7,0,,,,,,68.18,
7502462,1,Bed Based Capacity,10,20,1,9,10,,,,,,10,
7502463,45,Bed Based Capacity,45,55,45,0,10,,,,,,100,
7502464,13,Bed Based Capacity,19,19,13,6,0,,,,,,68.42,
7502465,12,Bed Based Capacity,12,27,12,0,15,,,,,,100,
7502466,72,Room Based Capacity,,,,,,65,71,65,0,6,,100
7502467,6,Bed Based Capacity,9,9,6,3,0,,,,,,66.67,
7502468,74,Bed Based Capacity,74,74,74,0,0,,,,,,100,
7502469,33,Bed Based Capacity,39,40,33,6,1,,,,,,84.62,
7502470,55,Bed Based Capacity,68,68,55,13,0,,,,,,80.88,
7502471,48,Room Based Capacity,,,,,,42,44,42,0,2,,100
7502472,21,Bed Based Capacity,21,21,21,0,0,,,,,,100,
7502473,1,Bed Based Capacity,1,2,1,0,1,,,,,,100,
7502474,42,Room Based Capacity,,,,,,42,42,42,0,0,,100
7502475,52,Bed Based Capacity,52,53,52,0,1,,,,,,100,
7502476,28,Bed Based Capacity,28,28,28,0,0,,,,,,100,
7502477,44,Bed Based Capacity,44,44,44,0,0,,,,,,100,
7502478,49,Bed Based Capacity,50,50,49,1,0,,,,,,98,
7502479,248,Room Based Capacity,,,,,,231,245,231,0,14,,100
7502480,41,Bed Based Capacity,41,41,41,0,0,,,,,,100,
7502481,90,Room Based Capacity,,,,,,90,92,90,0,2,,100
7502482,54,Room Based Capacity,,,,,,52,52,52,0,0,,100
7502483,22,Bed Based Capacity,22,22,22,0,0,,,,,,100,
7502484,45,Bed Based Capacity,45,50,45,0,5,,,,,,100,
7502485,14,Bed Based Capacity,16,16,14,2,0,,,,,,87.5,
7502486,38,Room Based Capacity,,,,,,38,41,38,0,3,,100
7502487,5,Bed Based Capacity,5,5,5,0,0,,,,,,100,
7502488,10,Bed Based Capacity,11,11,10,1,0,,,,,,90.91,
7502489,34,Bed Based Capacity,35,37,34,1,2,,,,,,97.14,
7502490,24,Bed Based Capacity,24,24,24,0,0,,,,,,100,
7502491,37,Bed Based Capacity,44,44,37,7,0,,,,,,84.09,
7502492,23,Bed Based Capacity,23,23,23,0,0,,,,,,100,
7502493,52,Bed Based Capacity,52,54,52,0,2,,,,,,100,
7502494,274,Room Based Capacity,,,,,,267,271,267,0,4,,100
7502495,38,Bed Based Capacity,40,45,38,2,5,,,,,,95,
7502496,4,Bed Based Capacity,5,5,4,1,0,,,,,,80,
7502497,27,Bed Based Capacity,28,28,27,1,0,,,,,,96.43,
7502498,20,Bed Based Capacity,25,25,20,5,0,,,,,,80,
7502499,24,Bed Based Capacity,25,25,24,1,0,,,,,,96,
7502500,5,Bed Based Capacity,5,5,5,0,0,,,,,,100,
7502501,46,Room Based Capacity,,,,,,46,47,46,0,1,,100
7502502,50,Bed Based Capacity,50,50,50,0,0,,,,,,100,
7502503,101,Room Based Capacity,,,,,,92,94,92,0,2,,100
7502504,51,Bed Based Capacity,58,70,51,7,12,,,,,,87.93,
7502505,19,Bed Based Capacity,19,19,19,0,0,,,,,,100,
7502506,30,Bed Based Capacity,30,31,30,0,1,,,,,,100,
7502507,52,Bed Based Capacity,53,55,52,1,2,,,,,,98.11,
7502508,77,Room Based Capacity,,,,,,79,100,77,2,21,,97.47
7502509,238,Room Based Capacity,,,,,,210,235,210,0,25,,100
7502510,290,Room Based Capacity,,,,,,252,263,252,0,11,,100
7502511,60,Bed Based Capacity,60,60,60,0,0,,,,,,100,
7502512,70,Bed Based Capacity,71,71,70,1,0,,,,,,98.59,
7502513,183,Bed Based Capacity,184,184,183,1,0,,,,,,99.46,
7502514,37,Bed Based Capacity,37,37,37,0,0,,,,,,100,
7502515,115,Bed Based Capacity,115,115,115,0,0,,,,,,100,
7502516,35,Bed Based Capacity,35,35,35,0,0,,,,,,100,
7502517,51,Bed Based Capacity,51,51,51,0,0,,,,,,100,
7502518,18,Bed Based Capacity,18,18,18,0,0,,,,,,100,
7502519,36,Room Based Capacity,,,,,,36,40,36,0,4,,100
7502520,15,Bed Based Capacity,15,15,15,0,0,,,,,,100,
7502521,27,Bed Based Capacity,27,27,27,0,0,,,,,,100,
7502522,43,Bed Based Capacity,44,44,43,1,0,,,,,,97.73,
7502523,14,Bed Based Capacity,17,17,14,3,0,,,,,,82.35,
7502524,6,Bed Based Capacity,9,9,6,3,0,,,,,,66.67,
7502525,9,Room Based Capacity,,,,,,14,14,9,5,0,,64.29
7502526,19,Bed Based Capacity,19,19,19,0,0,,,,,,100,
7502527,14,Bed Based Capacity,15,15,14,1,0,,,,,,93.33,
7502528,18,Bed Based Capacity,18,20,18,0,2,,,,,,100,
7502529,21,Bed Based Capacity,22,27,21,1,5,,,,,,95.45,
7502530,24,Bed Based Capacity,25,30,24,1,5,,,,,,96,
7502531,19,Bed Based Capacity,19,19,19,0,0,,,,,,100,
7502532,42,Bed Based Capacity,43,43,42,1,0,,,,,,97.67,
7502533,30,Room Based Capacity,,,,,,30,32,30,0,2,,100
7502534,27,Bed Based Capacity,27,28,27,0,1,,,,,,100,
7502535,47,Room Based Capacity,,,,,,33,34,33,0,1,,100
7502536,219,Room Based Capacity,,,,,,64,75,64,0,11,,100
7502537,67,Bed Based Capacity,67,67,67,0,0,,,,,,100,
7502538,60,Room Based Capacity,,,,,,23,28,20,3,5,,86.96
7502539,49,Bed Based Capacity,49,49,49,0,0,,,,,,100,
7502540,72,Room Based Capacity,,,,,,72,73,72,0,1,,100
7502541,54,Bed Based Capacity,54,54,54,0,0,,,,,,100,
7502542,128,Room Based Capacity,,,,,,128,131,128,0,3,,100
7502543,230,Bed Based Capacity,235,235,230,5,0,,,,,,97.87,
7502544,35,Bed Based Capacity,36,36,35,1,0,,,,,,97.22,
7502545,76,Room Based Capacity,,,,,,77,77,76,1,0,,98.7
7502546,39,Bed Based Capacity,39,39,39,0,0,,,,,,100,
7502547,27,Bed Based Capacity,30,30,27,3,0,,,,,,90,
7502548,40,Bed Based Capacity,40,40,40,0,0,,,,,,100,
7502549,12,Room Based Capacity,,,,,,3,3,3,0,0,,100
7502550,6,Bed Based Capacity,6,6,6,0,0,,,,,,100,
7502551,16,Bed Based Capacity,16,16,16,0,0,,,,,,100,
7502552,29,Bed Based Capacity,29,34,29,0,5,,,,,,100,
7502553,3,Bed Based Capacity,3,5,3,0,2,,,,,,100,
7502554,68,Room Based Capacity,,,,,,24,27,20,4,3,,83.33
7502555,19,Bed Based Capacity,19,19,19,0,0,,,,,,100,
7502556,28,Room Based Capacity,,,,,,28,28,28,0,0,,100
7502557,23,Bed Based Capacity,25,25,23,2,0,,,,,,92,
7502558,25,Bed Based Capacity,25,25,25,0,0,,,,,,100,
7502559,23,Bed Based Capacity,24,24,23,1,0,,,,,,95.83,
7502560,17,Bed Based Capacity,18,19,17,1,1,,,,,,94.44,
7502561,18,Bed Based Capacity,20,20,18,2,0,,,,,,90,
7502562,23,Bed Based Capacity,23,23,23,0,0,,,,,,100,
7502563,13,Bed Based Capacity,14,14,13,1,0,,,,,,92.86,
7502564,10,Bed Based Capacity,10,10,10,0,0,,,,,,100,
7502565,28,Bed Based Capacity,31,31,28,3,0,,,,,,90.32,
7502566,8,Bed Based Capacity,8,8,8,0,0,,,,,,100,
7502567,255,Room Based Capacity,,,,,,89,113,89,0,24,,100
7502568,398,Room Based Capacity,,,,,,121,107,121,0,0,,100
7502569,13,Room Based Capacity,,,,,,13,13,13,0,0,,100
7502570,150,Room Based Capacity,,,,,,146,155,146,0,9,,100
7502571,39,Room Based Capacity,,,,,,39,40,39,0,1,,100
7502572,33,Bed Based Capacity,33,33,33,0,0,,,,,,100,
7502573,15,Bed Based Capacity,15,15,15,0,0,,,,,,100,
7502574,56,Room Based Capacity,,,,,,21,30,21,0,9,,100
7502575,211,Room Based Capacity,,,,,,62,65,62,0,3,,100
7502576,78,Room Based Capacity,,,,,,79,83,78,1,4,,98.73
7502577,24,Room Based Capacity,,,,,,12,12,12,0,0,,100
7502578,28,Room Based Capacity,,,,,,14,14,14,0,0,,100
7502579,76,Room Based Capacity,,,,,,76,77,76,0,1,,100
7502580,11,Bed Based Capacity,12,12,11,1,0,,,,,,91.67,
7502581,127,Room Based Capacity,,,,,,69,86,69,0,17,,100
7502582,99,Room Based Capacity,,,,,,99,100,99,0,1,,100
7502583,147,Room Based Capacity,,,,,,40,43,40,0,3,,100
7502584,2,Bed Based Capacity,2,8,2,0,6,,,,,,100,
7502585,89,Room Based Capacity,,,,,,28,40,28,0,12,,100
7502586,32,Room Based Capacity,,,,,,18,18,18,0,0,,100
7502587,46,Room Based Capacity,,,,,,20,20,20,0,0,,100
7502588,2,Bed Based Capacity,5,15,2,3,10,,,,,,40,
7502589,36,Bed Based Capacity,36,37,36,0,1,,,,,,100,
7502590,73,Room Based Capacity,,,,,,67,51,67,0,0,,100
7502591,24,Bed Based Capacity,24,24,24,0,0,,,,,,100,
7502592,92,Room Based Capacity,,,,,,35,37,35,0,2,,100
7502593,31,Room Based Capacity,,,,,,54,30,28,26,0,,51.85
7502594,46,Room Based Capacity,,,,,,23,23,23,0,0,,100
7502595,87,Bed Based Capacity,88,88,87,1,0,,,,,,98.86,
7502596,50,Bed Based Capacity,50,50,50,0,0,,,,,,100,
7502597,43,Bed Based Capacity,51,51,43,8,0,,,,,,84.31,
7502598,74,Bed Based Capacity,74,81,74,0,7,,,,,,100,
7502599,55,Bed Based Capacity,55,72,55,0,17,,,,,,100,
7502600,15,Bed Based Capacity,22,22,15,7,0,,,,,,68.18,
7502601,6,Bed Based Capacity,10,20,6,4,10,,,,,,60,
7502602,45,Bed Based Capacity,45,55,45,0,10,,,,,,100,
7502603,12,Bed Based Capacity,19,19,12,7,0,,,,,,63.16,
7502604,11,Bed Based Capacity,12,27,11,1,15,,,,,,91.67,
7502605,72,Room Based Capacity,,,,,,65,71,65,0,6,,100
7502606,5,Bed Based Capacity,9,9,5,4,0,,,,,,55.56,
7502607,74,Bed Based Capacity,74,74,74,0,0,,,,,,100,
7502608,35,Bed Based Capacity,40,40,35,5,0,,,,,,87.5,
7502609,55,Bed Based Capacity,68,68,55,13,0,,,,,,80.88,
7502610,48,Room Based Capacity,,,,,,42,44,42,0,2,,100
7502611,21,Bed Based Capacity,21,21,21,0,0,,,,,,100,
7502612,42,Room Based Capacity,,,,,,42,42,42,0,0,,100
7502613,51,Bed Based Capacity,52,53,51,1,1,,,,,,98.08,
7502614,28,Bed Based Capacity,28,28,28,0,0,,,,,,100,
7502615,44,Bed Based Capacity,44,44,44,0,0,,,,,,100,
7502616,49,Bed Based Capacity,50,50,49,1,0,,,,,,98,
7502617,248,Room Based Capacity,,,,,,231,245,231,0,14,,100
7502618,41,Bed Based Capacity,41,41,41,0,0,,,,,,100,
7502619,90,Room Based Capacity,,,,,,90,92,90,0,2,,100
7502620,54,Room Based Capacity,,,,,,52,52,52,0,0,,100
7502621,22,Bed Based Capacity,22,22,22,0,0,,,,,,100,
7502622,45,Bed Based Capacity,45,50,45,0,5,,,,,,100,
7502623,15,Bed Based Capacity,16,16,15,1,0,,,,,,93.75,
7502624,38,Room Based Capacity,,,,,,38,41,38,0,3,,100
7502625,5,Bed Based Capacity,5,5,5,0,0,,,,,,100,
7502626,10,Bed Based Capacity,11,11,10,1,0,,,,,,90.91,
7502627,34,Bed Based Capacity,35,37,34,1,2,,,,,,97.14,
7502628,24,Bed Based Capacity,24,24,24,0,0,,,,,,100,
7502629,37,Bed Based Capacity,44,44,37,7,0,,,,,,84.09,
